INSERT INTO `category` (`id`, `name`) VALUES ('1', 'Tiểu thuyết');
INSERT INTO `category` (`id`, `name`) VALUES ('2', 'Manga');
INSERT INTO `category` (`id`, `name`) VALUES ('3', 'Sách tham khảo');
INSERT INTO `category` (`id`, `name`) VALUES ('4', 'Kinh tế học');
INSERT INTO `category` (`id`, `name`) VALUES ('5', 'Kỹ năng sống');
INSERT INTO `category` (`id`, `name`) VALUES ('6', 'Triết học');
INSERT INTO `category` (`id`, `name`) VALUES ('7', 'Giả tưởng');
INSERT INTO `category` (`id`, `name`) VALUES ('8', 'Huyền bí');
INSERT INTO `category` (`id`, `name`) VALUES ('9', 'Kinh dị');
INSERT INTO `category` (`id`, `name`) VALUES ('10', 'Trinh thám');
INSERT INTO `category` (`id`, `name`) VALUES ('11', 'Lãng mank');
INSERT INTO `category` (`id`, `name`) VALUES ('12', 'Light novel');
INSERT INTO `category` (`id`, `name`) VALUES ('13', 'Tâm lý');
INSERT INTO `category` (`id`, `name`) VALUES ('14', 'Hài');


INSERT INTO `book` VALUES (1,'Những tháng năm rực rỡ','Ae-ran Kim',96000,1,'2020-01-11 22:10:00','2020-01-14 00:00:00'),(2,'21 bài học cho thế kỉ 21','Yuval Noah Harari',210000,3,'2020-01-12 11:24:00','2020-01-14 00:00:00'),(3,'Conan 97','Gosho Aoyama',20000,2,'2020-01-13 13:21:00','2020-01-14 00:00:00'),(4,'Battle Royale','Koushun Takami',230000,1,'2020-01-14 07:18:00','2020-01-14 00:00:00'),(5,'Tôi là ai – và nếu vậy thì bao nhiêu','Richard David Precht',115000,6,'2020-01-14 09:10:00','2020-01-14 00:00:00'),(6,'Sapiens: Lược Sử Loài Người','Yuval Noah Harari',209000,3,'2020-08-13 23:30:35','2020-08-11 23:30:35'),(7,'Internet Của Tiền Tệ','Andreas M. Antonopoulos',199000,4,'2020-08-17 23:31:46','2020-08-11 23:31:46'),(8,'Nóng Giận Là Bản Năng , Tĩnh Lặng Là Bản Lĩnh','Tống Mặc',89000,5,'2020-08-19 23:31:27','2020-08-11 23:35:27'),(9,'Trên Đường Băng','Tony Buổi Sáng',80000,5,'2020-08-12 23:32:27','2020-08-11 23:35:27'),(10,'The Little Prince','Antoine De Saint-Exupéry',231000,1,'2020-08-10 23:33:27','2020-08-11 23:35:27'),(11,'Nhà Giả Kim','Paulo Coelho',231000,1,'2020-08-18 23:34:27','2020-08-11 23:35:27'),(12,'Khi Hơi Thở Hóa Thinh Không','Paul Kalanithi',109000,1,'2020-08-12 23:35:27','2020-08-11 23:35:27'),(13,'Putin - Logic Của Quyền Lực','Hubert Seipel',138000,1,'2020-08-11 23:36:17','2020-08-11 23:36:17'),(14,'Đừng Lựa Chọn An Nhàn Khi Còn Trẻ','Cảnh Thiên',81000,5,'2020-08-15 23:36:49','2020-08-11 23:36:49'),(15,'Sống Thực Tế Giữa Đời Thực Dụng','Mễ Mông',98000,1,'2020-08-11 23:37:12','2020-08-11 23:37:12'),(16,'Chủ Nghĩa Khắc Kỷ - Phong Cách Sống Bản Lĩnh Và Bình Thản','William B. Irvine',125000,1,'2020-08-18 23:37:35','2020-08-11 23:37:35');

INSERT INTO `user` (`id`, `username`, `name`, `password`) VALUES ('1', 'admin', 'Admin', '{bcrypt}$2a$10$4TENNUAwIX4uG8GX2UWPBOuVSB3mBIlMcSVzAePDI/DHieJKQ0P7O');
INSERT INTO `user` (`id`, `username`, `name`, `password`) VALUES ('2', 'att', 'Tạ Anh Tú', '{bcrypt}$2a$10$4TENNUAwIX4uG8GX2UWPBOuVSB3mBIlMcSVzAePDI/DHieJKQ0P7O');
INSERT INTO `user` (`id`, `username`, `name`, `password`) VALUES ('3', 'storemg', 'Store Manager', '{bcrypt}$2a$10$4TENNUAwIX4uG8GX2UWPBOuVSB3mBIlMcSVzAePDI/DHieJKQ0P7O');
INSERT INTO `user` (`id`, `username`, `name`, `password`) VALUES ('4', 'bookmg', 'Book Manager', '{bcrypt}$2a$10$4TENNUAwIX4uG8GX2UWPBOuVSB3mBIlMcSVzAePDI/DHieJKQ0P7O');

INSERT INTO `role` (`id`, `name`) VALUES ('1', 'ADMIN');
INSERT INTO `role` (`id`, `name`) VALUES ('2', 'USER');
INSERT INTO `role` (`id`, `name`) VALUES ('3', 'STORE_MANAGER');
INSERT INTO `role` (`id`, `name`) VALUES ('4', 'BOOK_MANAGER');

INSERT INTO `user_role` (`id`, `user_id`, `role_id`) VALUES ('1', '1', '1');
INSERT INTO `user_role` (`id`, `user_id`, `role_id`) VALUES ('2', '1', '2');
INSERT INTO `user_role` (`id`, `user_id`, `role_id`) VALUES ('3', '2', '2');
INSERT INTO `user_role` (`id`, `user_id`, `role_id`) VALUES ('4', '1', '3');
INSERT INTO `user_role` (`id`, `user_id`, `role_id`) VALUES ('5', '3', '3');
INSERT INTO `user_role` (`id`, `user_id`, `role_id`) VALUES ('6', '4', '2');
INSERT INTO `user_role` (`id`, `user_id`, `role_id`) VALUES ('7', '4', '4');
INSERT INTO `user_role` (`id`, `user_id`, `role_id`) VALUES ('8', '1', '4');

INSERT INTO `store` (`id`, `name`, `address`) VALUES ('1', 'Tiki', 'Hà Nội');
INSERT INTO `store` (`id`, `name`, `address`) VALUES ('2', 'Lazada', 'Đà Nẵng');
INSERT INTO `store` (`id`, `name`, `address`) VALUES ('3', 'Shopee', 'TP. HCM');
INSERT INTO `store` (`id`, `name`, `address`) VALUES ('4', 'Sendo', 'Huế');
INSERT INTO `store` (`id`, `name`, `address`) VALUES ('5', 'Cửa hàng sách Saet Buyl', 'Seoul');
INSERT INTO `store` (`id`, `name`, `address`) VALUES ('6', 'Thái Hà Book', '123 Thái Hà, Đống Đa, Hà Nội');
INSERT INTO `store` (`id`, `name`, `address`) VALUES ('7', 'DemoStore', '382 Nguyễn Trãi, Hà Nội');
INSERT INTO `store` (`id`, `name`, `address`) VALUES ('8', 'Torano store', '32 Khuất Duy Tiến, Hà Nội');
INSERT INTO `store` (`id`, `name`, `address`) VALUES ('9', 'H2T Store', '113 Tràng Tiền, Hà Nội');
INSERT INTO `store` (`id`, `name`, `address`) VALUES ('10', 'Tràng Tiền Plaza', '1 Tràng Tiền, Hà Nội');
INSERT INTO `store` (`id`, `name`, `address`) VALUES ('11', 'DemoStore', '1 Phạm Văn Bạch');
INSERT INTO `store` (`id`, `name`, `address`) VALUES ('12', 'Tiki', 'TP. HCM');

INSERT INTO `staff` (`id`, `store_id`, `first_name`, `last_name`, `gender`, `email`, `is_alive`) VALUES (1,10,'MARY','SMITH','male','MARY.SMITH@sakilacustomer.org',1),(2,1,'PATRICIA','JOHNSON','unknown','PATRICIA.JOHNSON@sakilacustomer.org',0),(3,4,'LINDA','WILLIAMS','male','LINDA.WILLIAMS@sakilacustomer.org',1),(4,6,'BARBARA','JONES','male','BARBARA.JONES@sakilacustomer.org',1),(6,1,'JENNIFER','DAVIS','lesbian','JENNIFER.DAVIS@sakilacustomer.org',0),(7,8,'MARIA','MILLER','unknown','MARIA.MILLER@sakilacustomer.org',0),(8,6,'SUSAN','WILSON','lesbian','SUSAN.WILSON@sakilacustomer.org',0),(9,1,'MARGARET','MOORE','gay','MARGARET.MOORE@sakilacustomer.org',0),(10,2,'DOROTHY','TAYLOR','unknown','DOROTHY.TAYLOR@sakilacustomer.org',1),(11,1,'LISA','ANDERSON','unknown','LISA.ANDERSON@sakilacustomer.org',1),(12,1,'NANCY','THOMAS','gay','NANCY.THOMAS@sakilacustomer.org',1),(13,4,'KAREN','JACKSON','male','KAREN.JACKSON@sakilacustomer.org',1),(14,5,'BETTY','WHITE','unknown','BETTY.WHITE@sakilacustomer.org',1),(15,10,'HELEN','HARRIS','female','HELEN.HARRIS@sakilacustomer.org',0),(16,6,'SANDRA','MARTIN','female','SANDRA.MARTIN@sakilacustomer.org',0),(17,1,'DONNA','THOMPSON','male','DONNA.THOMPSON@sakilacustomer.org',0),(18,7,'CAROL','GARCIA','male','CAROL.GARCIA@sakilacustomer.org',1),(19,3,'RUTH','MARTINEZ','female','RUTH.MARTINEZ@sakilacustomer.org',1),(20,5,'SHARON','ROBINSON','female','SHARON.ROBINSON@sakilacustomer.org',0),(21,4,'MICHELLE','CLARK','lesbian','MICHELLE.CLARK@sakilacustomer.org',0),(22,7,'LAURA','RODRIGUEZ','unknown','LAURA.RODRIGUEZ@sakilacustomer.org',0),(23,7,'SARAH','LEWIS','male','SARAH.LEWIS@sakilacustomer.org',0),(24,5,'KIMBERLY','LEE','unknown','KIMBERLY.LEE@sakilacustomer.org',0),(25,8,'DEBORAH','WALKER','lesbian','DEBORAH.WALKER@sakilacustomer.org',0),(26,4,'JESSICA','HALL','lesbian','JESSICA.HALL@sakilacustomer.org',0),(27,5,'SHIRLEY','ALLEN','male','SHIRLEY.ALLEN@sakilacustomer.org',1),(28,4,'CYNTHIA','YOUNG','unknown','CYNTHIA.YOUNG@sakilacustomer.org',0),(29,9,'ANGELA','HERNANDEZ','male','ANGELA.HERNANDEZ@sakilacustomer.org',1),(30,10,'MELISSA','KING','gay','MELISSA.KING@sakilacustomer.org',0),(31,6,'BRENDA','WRIGHT','gay','BRENDA.WRIGHT@sakilacustomer.org',1),(32,2,'AMY','LOPEZ','lesbian','AMY.LOPEZ@sakilacustomer.org',0),(33,9,'ANNA','HILL','gay','ANNA.HILL@sakilacustomer.org',1),(34,7,'REBECCA','SCOTT','gay','REBECCA.SCOTT@sakilacustomer.org',0),(35,5,'VIRGINIA','GREEN','male','VIRGINIA.GREEN@sakilacustomer.org',0),(36,10,'KATHLEEN','ADAMS','gay','KATHLEEN.ADAMS@sakilacustomer.org',1),(37,2,'PAMELA','BAKER','male','PAMELA.BAKER@sakilacustomer.org',1),(38,3,'MARTHA','GONZALEZ','unknown','MARTHA.GONZALEZ@sakilacustomer.org',1),(39,6,'DEBRA','NELSON','female','DEBRA.NELSON@sakilacustomer.org',0),(40,7,'AMANDA','CARTER','lesbian','AMANDA.CARTER@sakilacustomer.org',1),(41,6,'STEPHANIE','MITCHELL','unknown','STEPHANIE.MITCHELL@sakilacustomer.org',1),(42,8,'CAROLYN','PEREZ','female','CAROLYN.PEREZ@sakilacustomer.org',1),(43,8,'CHRISTINE','ROBERTS','female','CHRISTINE.ROBERTS@sakilacustomer.org',1),(44,2,'MARIE','TURNER','female','MARIE.TURNER@sakilacustomer.org',1),(45,6,'JANET','PHILLIPS','gay','JANET.PHILLIPS@sakilacustomer.org',0),(46,8,'CATHERINE','CAMPBELL','female','CATHERINE.CAMPBELL@sakilacustomer.org',0),(47,3,'FRANCES','PARKER','unknown','FRANCES.PARKER@sakilacustomer.org',0),(48,6,'ANN','EVANS','gay','ANN.EVANS@sakilacustomer.org',1),(49,1,'JOYCE','EDWARDS','unknown','JOYCE.EDWARDS@sakilacustomer.org',1),(50,7,'DIANE','COLLINS','gay','DIANE.COLLINS@sakilacustomer.org',0),(51,2,'ALICE','STEWART','lesbian','ALICE.STEWART@sakilacustomer.org',1),(52,1,'JULIE','SANCHEZ','male','JULIE.SANCHEZ@sakilacustomer.org',0),(53,9,'HEATHER','MORRIS','gay','HEATHER.MORRIS@sakilacustomer.org',0),(54,7,'TERESA','ROGERS','lesbian','TERESA.ROGERS@sakilacustomer.org',1),(55,1,'DORIS','REED','unknown','DORIS.REED@sakilacustomer.org',1),(56,9,'GLORIA','COOK','lesbian','GLORIA.COOK@sakilacustomer.org',0),(57,3,'EVELYN','MORGAN','gay','EVELYN.MORGAN@sakilacustomer.org',1),(58,6,'JEAN','BELL','lesbian','JEAN.BELL@sakilacustomer.org',1),(59,5,'CHERYL','MURPHY','unknown','CHERYL.MURPHY@sakilacustomer.org',0),(60,4,'MILDRED','BAILEY','gay','MILDRED.BAILEY@sakilacustomer.org',1),(61,7,'KATHERINE','RIVERA','male','KATHERINE.RIVERA@sakilacustomer.org',1),(62,7,'JOAN','COOPER','female','JOAN.COOPER@sakilacustomer.org',1),(63,4,'ASHLEY','RICHARDSON','unknown','ASHLEY.RICHARDSON@sakilacustomer.org',1),(64,8,'JUDITH','COX','male','JUDITH.COX@sakilacustomer.org',0),(65,7,'ROSE','HOWARD','male','ROSE.HOWARD@sakilacustomer.org',1),(66,2,'JANICE','WARD','unknown','JANICE.WARD@sakilacustomer.org',0),(67,2,'KELLY','TORRES','male','KELLY.TORRES@sakilacustomer.org',1),(68,5,'NICOLE','PETERSON','lesbian','NICOLE.PETERSON@sakilacustomer.org',0),(69,4,'JUDY','GRAY','gay','JUDY.GRAY@sakilacustomer.org',0),(70,8,'CHRISTINA','RAMIREZ','unknown','CHRISTINA.RAMIREZ@sakilacustomer.org',1),(71,9,'KATHY','JAMES','female','KATHY.JAMES@sakilacustomer.org',1),(72,4,'THERESA','WATSON','unknown','THERESA.WATSON@sakilacustomer.org',1),(73,6,'BEVERLY','BROOKS','male','BEVERLY.BROOKS@sakilacustomer.org',0),(74,10,'DENISE','KELLY','male','DENISE.KELLY@sakilacustomer.org',0),(75,4,'TAMMY','SANDERS','lesbian','TAMMY.SANDERS@sakilacustomer.org',0),(76,4,'IRENE','PRICE','unknown','IRENE.PRICE@sakilacustomer.org',0),(77,9,'JANE','BENNETT','unknown','JANE.BENNETT@sakilacustomer.org',1),(78,4,'LORI','WOOD','lesbian','LORI.WOOD@sakilacustomer.org',1),(79,2,'RACHEL','BARNES','unknown','RACHEL.BARNES@sakilacustomer.org',1),(80,5,'MARILYN','ROSS','male','MARILYN.ROSS@sakilacustomer.org',0),(81,2,'ANDREA','HENDERSON','female','ANDREA.HENDERSON@sakilacustomer.org',0),(82,10,'KATHRYN','COLEMAN','male','KATHRYN.COLEMAN@sakilacustomer.org',1),(83,6,'LOUISE','JENKINS','male','LOUISE.JENKINS@sakilacustomer.org',0),(84,8,'SARA','PERRY','unknown','SARA.PERRY@sakilacustomer.org',0),(85,9,'ANNE','POWELL','female','ANNE.POWELL@sakilacustomer.org',0),(86,2,'JACQUELINE','LONG','male','JACQUELINE.LONG@sakilacustomer.org',1),(87,9,'WANDA','PATTERSON','lesbian','WANDA.PATTERSON@sakilacustomer.org',0),(88,8,'BONNIE','HUGHES','male','BONNIE.HUGHES@sakilacustomer.org',1),(89,10,'JULIA','FLORES','lesbian','JULIA.FLORES@sakilacustomer.org',1),(90,10,'RUBY','WASHINGTON','lesbian','RUBY.WASHINGTON@sakilacustomer.org',0),(91,6,'LOIS','BUTLER','gay','LOIS.BUTLER@sakilacustomer.org',0),(92,5,'TINA','SIMMONS','male','TINA.SIMMONS@sakilacustomer.org',1),(93,4,'PHYLLIS','FOSTER','gay','PHYLLIS.FOSTER@sakilacustomer.org',1),(94,9,'NORMA','GONZALES','gay','NORMA.GONZALES@sakilacustomer.org',1),(95,2,'PAULA','BRYANT','female','PAULA.BRYANT@sakilacustomer.org',1),(96,2,'DIANA','ALEXANDER','female','DIANA.ALEXANDER@sakilacustomer.org',0),(97,7,'ANNIE','RUSSELL','gay','ANNIE.RUSSELL@sakilacustomer.org',1),(98,5,'LILLIAN','GRIFFIN','female','LILLIAN.GRIFFIN@sakilacustomer.org',1),(99,3,'EMILY','DIAZ','unknown','EMILY.DIAZ@sakilacustomer.org',1),(100,10,'ROBIN','HAYES','gay','ROBIN.HAYES@sakilacustomer.org',1),(101,2,'PEGGY','MYERS','female','PEGGY.MYERS@sakilacustomer.org',0),(102,2,'CRYSTAL','FORD','male','CRYSTAL.FORD@sakilacustomer.org',1),(103,8,'GLADYS','HAMILTON','lesbian','GLADYS.HAMILTON@sakilacustomer.org',1),(104,5,'RITA','GRAHAM','male','RITA.GRAHAM@sakilacustomer.org',1),(105,4,'DAWN','SULLIVAN','lesbian','DAWN.SULLIVAN@sakilacustomer.org',1),(106,4,'CONNIE','WALLACE','lesbian','CONNIE.WALLACE@sakilacustomer.org',0),(107,4,'FLORENCE','WOODS','lesbian','FLORENCE.WOODS@sakilacustomer.org',1),(108,10,'TRACY','COLE','male','TRACY.COLE@sakilacustomer.org',0),(109,4,'EDNA','WEST','unknown','EDNA.WEST@sakilacustomer.org',0),(110,5,'TIFFANY','JORDAN','lesbian','TIFFANY.JORDAN@sakilacustomer.org',1),(111,9,'CARMEN','OWENS','gay','CARMEN.OWENS@sakilacustomer.org',1),(112,5,'ROSA','REYNOLDS','male','ROSA.REYNOLDS@sakilacustomer.org',1),(113,9,'CINDY','FISHER','lesbian','CINDY.FISHER@sakilacustomer.org',0),(114,9,'GRACE','ELLIS','male','GRACE.ELLIS@sakilacustomer.org',0),(115,6,'WENDY','HARRISON','male','WENDY.HARRISON@sakilacustomer.org',0),(116,1,'VICTORIA','GIBSON','lesbian','VICTORIA.GIBSON@sakilacustomer.org',1),(117,7,'EDITH','MCDONALD','unknown','EDITH.MCDONALD@sakilacustomer.org',1),(118,8,'KIM','CRUZ','gay','KIM.CRUZ@sakilacustomer.org',0),(119,3,'SHERRY','MARSHALL','male','SHERRY.MARSHALL@sakilacustomer.org',1),(120,1,'SYLVIA','ORTIZ','gay','SYLVIA.ORTIZ@sakilacustomer.org',1),(121,7,'JOSEPHINE','GOMEZ','female','JOSEPHINE.GOMEZ@sakilacustomer.org',1),(122,1,'THELMA','MURRAY','female','THELMA.MURRAY@sakilacustomer.org',1),(123,8,'SHANNON','FREEMAN','unknown','SHANNON.FREEMAN@sakilacustomer.org',1),(124,5,'SHEILA','WELLS','male','SHEILA.WELLS@sakilacustomer.org',1),(125,3,'ETHEL','WEBB','unknown','ETHEL.WEBB@sakilacustomer.org',0),(126,1,'ELLEN','SIMPSON','lesbian','ELLEN.SIMPSON@sakilacustomer.org',0),(127,7,'ELAINE','STEVENS','gay','ELAINE.STEVENS@sakilacustomer.org',1),(128,7,'MARJORIE','TUCKER','unknown','MARJORIE.TUCKER@sakilacustomer.org',1),(129,5,'CARRIE','PORTER','male','CARRIE.PORTER@sakilacustomer.org',0),(130,1,'CHARLOTTE','HUNTER','male','CHARLOTTE.HUNTER@sakilacustomer.org',0),(131,3,'MONICA','HICKS','gay','MONICA.HICKS@sakilacustomer.org',1),(132,4,'ESTHER','CRAWFORD','gay','ESTHER.CRAWFORD@sakilacustomer.org',0),(133,3,'PAULINE','HENRY','gay','PAULINE.HENRY@sakilacustomer.org',0),(134,9,'EMMA','BOYD','male','EMMA.BOYD@sakilacustomer.org',0),(135,10,'JUANITA','MASON','unknown','JUANITA.MASON@sakilacustomer.org',0),(136,5,'ANITA','MORALES','lesbian','ANITA.MORALES@sakilacustomer.org',0),(137,9,'RHONDA','KENNEDY','male','RHONDA.KENNEDY@sakilacustomer.org',1),(138,10,'HAZEL','WARREN','male','HAZEL.WARREN@sakilacustomer.org',0),(139,9,'AMBER','DIXON','lesbian','AMBER.DIXON@sakilacustomer.org',0),(140,7,'EVA','RAMOS','female','EVA.RAMOS@sakilacustomer.org',0),(141,4,'DEBBIE','REYES','male','DEBBIE.REYES@sakilacustomer.org',0),(142,10,'APRIL','BURNS','lesbian','APRIL.BURNS@sakilacustomer.org',0),(143,7,'LESLIE','GORDON','lesbian','LESLIE.GORDON@sakilacustomer.org',1),(144,6,'CLARA','SHAW','unknown','CLARA.SHAW@sakilacustomer.org',0),(145,2,'LUCILLE','HOLMES','male','LUCILLE.HOLMES@sakilacustomer.org',1),(146,2,'JAMIE','RICE','unknown','JAMIE.RICE@sakilacustomer.org',0),(147,4,'JOANNE','ROBERTSON','unknown','JOANNE.ROBERTSON@sakilacustomer.org',1),(148,7,'ELEANOR','HUNT','gay','ELEANOR.HUNT@sakilacustomer.org',0),(149,7,'VALERIE','BLACK','unknown','VALERIE.BLACK@sakilacustomer.org',1),(150,1,'DANIELLE','DANIELS','gay','DANIELLE.DANIELS@sakilacustomer.org',1),(151,8,'MEGAN','PALMER','lesbian','MEGAN.PALMER@sakilacustomer.org',1),(152,6,'ALICIA','MILLS','gay','ALICIA.MILLS@sakilacustomer.org',0),(153,1,'SUZANNE','NICHOLS','gay','SUZANNE.NICHOLS@sakilacustomer.org',1),(154,10,'MICHELE','GRANT','unknown','MICHELE.GRANT@sakilacustomer.org',0),(155,2,'GAIL','KNIGHT','unknown','GAIL.KNIGHT@sakilacustomer.org',0),(156,5,'BERTHA','FERGUSON','lesbian','BERTHA.FERGUSON@sakilacustomer.org',1),(157,2,'DARLENE','ROSE','female','DARLENE.ROSE@sakilacustomer.org',0),(158,1,'VERONICA','STONE','gay','VERONICA.STONE@sakilacustomer.org',0),(159,2,'JILL','HAWKINS','male','JILL.HAWKINS@sakilacustomer.org',1),(160,7,'ERIN','DUNN','unknown','ERIN.DUNN@sakilacustomer.org',1),(161,6,'GERALDINE','PERKINS','lesbian','GERALDINE.PERKINS@sakilacustomer.org',0),(162,6,'LAUREN','HUDSON','lesbian','LAUREN.HUDSON@sakilacustomer.org',1),(163,1,'CATHY','SPENCER','male','CATHY.SPENCER@sakilacustomer.org',1),(164,7,'JOANN','GARDNER','male','JOANN.GARDNER@sakilacustomer.org',0),(165,6,'LORRAINE','STEPHENS','male','LORRAINE.STEPHENS@sakilacustomer.org',1),(166,4,'LYNN','PAYNE','unknown','LYNN.PAYNE@sakilacustomer.org',1),(167,5,'SALLY','PIERCE','female','SALLY.PIERCE@sakilacustomer.org',1),(168,2,'REGINA','BERRY','unknown','REGINA.BERRY@sakilacustomer.org',1),(169,9,'ERICA','MATTHEWS','female','ERICA.MATTHEWS@sakilacustomer.org',1),(170,2,'BEATRICE','ARNOLD','gay','BEATRICE.ARNOLD@sakilacustomer.org',1),(171,1,'DOLORES','WAGNER','unknown','DOLORES.WAGNER@sakilacustomer.org',0),(172,9,'BERNICE','WILLIS','unknown','BERNICE.WILLIS@sakilacustomer.org',1),(173,10,'AUDREY','RAY','lesbian','AUDREY.RAY@sakilacustomer.org',1),(174,3,'YVONNE','WATKINS','lesbian','YVONNE.WATKINS@sakilacustomer.org',0),(175,9,'ANNETTE','OLSON','male','ANNETTE.OLSON@sakilacustomer.org',1),(176,7,'JUNE','CARROLL','lesbian','JUNE.CARROLL@sakilacustomer.org',1),(177,4,'SAMANTHA','DUNCAN','unknown','SAMANTHA.DUNCAN@sakilacustomer.org',1),(178,10,'MARION','SNYDER','lesbian','MARION.SNYDER@sakilacustomer.org',0),(179,10,'DANA','HART','unknown','DANA.HART@sakilacustomer.org',0),(180,8,'STACY','CUNNINGHAM','unknown','STACY.CUNNINGHAM@sakilacustomer.org',0),(181,8,'ANA','BRADLEY','gay','ANA.BRADLEY@sakilacustomer.org',1),(182,9,'RENEE','LANE','lesbian','RENEE.LANE@sakilacustomer.org',0),(183,4,'IDA','ANDREWS','male','IDA.ANDREWS@sakilacustomer.org',0),(184,7,'VIVIAN','RUIZ','lesbian','VIVIAN.RUIZ@sakilacustomer.org',0),(185,4,'ROBERTA','HARPER','male','ROBERTA.HARPER@sakilacustomer.org',1),(186,8,'HOLLY','FOX','gay','HOLLY.FOX@sakilacustomer.org',0),(187,10,'BRITTANY','RILEY','lesbian','BRITTANY.RILEY@sakilacustomer.org',0),(188,2,'MELANIE','ARMSTRONG','female','MELANIE.ARMSTRONG@sakilacustomer.org',1),(189,10,'LORETTA','CARPENTER','gay','LORETTA.CARPENTER@sakilacustomer.org',0),(190,10,'YOLANDA','WEAVER','unknown','YOLANDA.WEAVER@sakilacustomer.org',0),(191,4,'JEANETTE','GREENE','unknown','JEANETTE.GREENE@sakilacustomer.org',0),(192,10,'LAURIE','LAWRENCE','male','LAURIE.LAWRENCE@sakilacustomer.org',1),(193,3,'KATIE','ELLIOTT','male','KATIE.ELLIOTT@sakilacustomer.org',0),(194,8,'KRISTEN','CHAVEZ','lesbian','KRISTEN.CHAVEZ@sakilacustomer.org',0),(195,1,'VANESSA','SIMS','unknown','VANESSA.SIMS@sakilacustomer.org',0),(196,7,'ALMA','AUSTIN','female','ALMA.AUSTIN@sakilacustomer.org',1),(197,2,'SUE','PETERS','male','SUE.PETERS@sakilacustomer.org',1),(198,5,'ELSIE','KELLEY','unknown','ELSIE.KELLEY@sakilacustomer.org',1),(199,1,'BETH','FRANKLIN','gay','BETH.FRANKLIN@sakilacustomer.org',1),(200,4,'JEANNE','LAWSON','female','JEANNE.LAWSON@sakilacustomer.org',0),(201,9,'VICKI','FIELDS','male','VICKI.FIELDS@sakilacustomer.org',0),(202,9,'CARLA','GUTIERREZ','lesbian','CARLA.GUTIERREZ@sakilacustomer.org',1),(203,4,'TARA','RYAN','male','TARA.RYAN@sakilacustomer.org',0),(204,9,'ROSEMARY','SCHMIDT','male','ROSEMARY.SCHMIDT@sakilacustomer.org',0),(205,3,'EILEEN','CARR','lesbian','EILEEN.CARR@sakilacustomer.org',1),(206,4,'TERRI','VASQUEZ','unknown','TERRI.VASQUEZ@sakilacustomer.org',1),(207,5,'GERTRUDE','CASTILLO','female','GERTRUDE.CASTILLO@sakilacustomer.org',0),(208,8,'LUCY','WHEELER','unknown','LUCY.WHEELER@sakilacustomer.org',1),(209,8,'TONYA','CHAPMAN','unknown','TONYA.CHAPMAN@sakilacustomer.org',1),(210,10,'ELLA','OLIVER','unknown','ELLA.OLIVER@sakilacustomer.org',0),(211,9,'STACEY','MONTGOMERY','female','STACEY.MONTGOMERY@sakilacustomer.org',1),(212,7,'WILMA','RICHARDS','unknown','WILMA.RICHARDS@sakilacustomer.org',1),(213,10,'GINA','WILLIAMSON','lesbian','GINA.WILLIAMSON@sakilacustomer.org',0),(214,10,'KRISTIN','JOHNSTON','gay','KRISTIN.JOHNSTON@sakilacustomer.org',1),(215,4,'JESSIE','BANKS','male','JESSIE.BANKS@sakilacustomer.org',1),(216,4,'NATALIE','MEYER','female','NATALIE.MEYER@sakilacustomer.org',1),(217,1,'AGNES','BISHOP','male','AGNES.BISHOP@sakilacustomer.org',1),(218,9,'VERA','MCCOY','gay','VERA.MCCOY@sakilacustomer.org',1),(219,8,'WILLIE','HOWELL','unknown','WILLIE.HOWELL@sakilacustomer.org',0),(220,4,'CHARLENE','ALVAREZ','gay','CHARLENE.ALVAREZ@sakilacustomer.org',1),(221,3,'BESSIE','MORRISON','gay','BESSIE.MORRISON@sakilacustomer.org',1),(222,10,'DELORES','HANSEN','unknown','DELORES.HANSEN@sakilacustomer.org',1),(223,3,'MELINDA','FERNANDEZ','female','MELINDA.FERNANDEZ@sakilacustomer.org',1),(224,8,'PEARL','GARZA','unknown','PEARL.GARZA@sakilacustomer.org',0),(225,4,'ARLENE','HARVEY','lesbian','ARLENE.HARVEY@sakilacustomer.org',1),(226,6,'MAUREEN','LITTLE','female','MAUREEN.LITTLE@sakilacustomer.org',1),(227,3,'COLLEEN','BURTON','male','COLLEEN.BURTON@sakilacustomer.org',1),(228,3,'ALLISON','STANLEY','gay','ALLISON.STANLEY@sakilacustomer.org',1),(229,10,'TAMARA','NGUYEN','gay','TAMARA.NGUYEN@sakilacustomer.org',1),(230,1,'JOY','GEORGE','unknown','JOY.GEORGE@sakilacustomer.org',1),(231,1,'GEORGIA','JACOBS','female','GEORGIA.JACOBS@sakilacustomer.org',1),(232,10,'CONSTANCE','REID','lesbian','CONSTANCE.REID@sakilacustomer.org',1),(233,9,'LILLIE','KIM','unknown','LILLIE.KIM@sakilacustomer.org',1),(234,8,'CLAUDIA','FULLER','gay','CLAUDIA.FULLER@sakilacustomer.org',0),(235,2,'JACKIE','LYNCH','male','JACKIE.LYNCH@sakilacustomer.org',1),(236,2,'MARCIA','DEAN','unknown','MARCIA.DEAN@sakilacustomer.org',1),(237,4,'TANYA','GILBERT','unknown','TANYA.GILBERT@sakilacustomer.org',1),(238,5,'NELLIE','GARRETT','female','NELLIE.GARRETT@sakilacustomer.org',0),(239,1,'MINNIE','ROMERO','female','MINNIE.ROMERO@sakilacustomer.org',0),(240,10,'MARLENE','WELCH','unknown','MARLENE.WELCH@sakilacustomer.org',0),(241,4,'HEIDI','LARSON','lesbian','HEIDI.LARSON@sakilacustomer.org',0),(242,5,'GLENDA','FRAZIER','gay','GLENDA.FRAZIER@sakilacustomer.org',0),(243,4,'LYDIA','BURKE','lesbian','LYDIA.BURKE@sakilacustomer.org',0),(244,5,'VIOLA','HANSON','male','VIOLA.HANSON@sakilacustomer.org',1),(245,10,'COURTNEY','DAY','lesbian','COURTNEY.DAY@sakilacustomer.org',0),(246,9,'MARIAN','MENDOZA','gay','MARIAN.MENDOZA@sakilacustomer.org',1),(247,2,'STELLA','MORENO','gay','STELLA.MORENO@sakilacustomer.org',1),(248,4,'CAROLINE','BOWMAN','male','CAROLINE.BOWMAN@sakilacustomer.org',0),(249,8,'DORA','MEDINA','male','DORA.MEDINA@sakilacustomer.org',1),(250,8,'JO','FOWLER','lesbian','JO.FOWLER@sakilacustomer.org',0),(251,2,'VICKIE','BREWER','lesbian','VICKIE.BREWER@sakilacustomer.org',1),(252,8,'MATTIE','HOFFMAN','unknown','MATTIE.HOFFMAN@sakilacustomer.org',0),(253,2,'TERRY','CARLSON','female','TERRY.CARLSON@sakilacustomer.org',0),(254,3,'MAXINE','SILVA','female','MAXINE.SILVA@sakilacustomer.org',0),(255,4,'IRMA','PEARSON','lesbian','IRMA.PEARSON@sakilacustomer.org',0),(256,3,'MABEL','HOLLAND','male','MABEL.HOLLAND@sakilacustomer.org',0),(257,5,'MARSHA','DOUGLAS','female','MARSHA.DOUGLAS@sakilacustomer.org',0),(258,6,'MYRTLE','FLEMING','female','MYRTLE.FLEMING@sakilacustomer.org',1),(259,6,'LENA','JENSEN','male','LENA.JENSEN@sakilacustomer.org',0),(260,9,'CHRISTY','VARGAS','lesbian','CHRISTY.VARGAS@sakilacustomer.org',0),(261,5,'DEANNA','BYRD','unknown','DEANNA.BYRD@sakilacustomer.org',0),(262,3,'PATSY','DAVIDSON','female','PATSY.DAVIDSON@sakilacustomer.org',0),(263,10,'HILDA','HOPKINS','female','HILDA.HOPKINS@sakilacustomer.org',0),(264,6,'GWENDOLYN','MAY','unknown','GWENDOLYN.MAY@sakilacustomer.org',0),(265,7,'JENNIE','TERRY','gay','JENNIE.TERRY@sakilacustomer.org',0),(266,3,'NORA','HERRERA','lesbian','NORA.HERRERA@sakilacustomer.org',0),(267,4,'MARGIE','WADE','gay','MARGIE.WADE@sakilacustomer.org',1),(268,3,'NINA','SOTO','female','NINA.SOTO@sakilacustomer.org',0),(269,8,'CASSANDRA','WALTERS','male','CASSANDRA.WALTERS@sakilacustomer.org',1),(270,10,'LEAH','CURTIS','male','LEAH.CURTIS@sakilacustomer.org',1),(271,2,'PENNY','NEAL','male','PENNY.NEAL@sakilacustomer.org',0),(272,3,'KAY','CALDWELL','female','KAY.CALDWELL@sakilacustomer.org',0),(273,6,'PRISCILLA','LOWE','female','PRISCILLA.LOWE@sakilacustomer.org',0),(274,6,'NAOMI','JENNINGS','gay','NAOMI.JENNINGS@sakilacustomer.org',0),(275,9,'CAROLE','BARNETT','lesbian','CAROLE.BARNETT@sakilacustomer.org',0),(276,5,'BRANDY','GRAVES','male','BRANDY.GRAVES@sakilacustomer.org',1),(277,8,'OLGA','JIMENEZ','lesbian','OLGA.JIMENEZ@sakilacustomer.org',0),(278,1,'BILLIE','HORTON','unknown','BILLIE.HORTON@sakilacustomer.org',1),(279,4,'DIANNE','SHELTON','gay','DIANNE.SHELTON@sakilacustomer.org',0),(280,10,'TRACEY','BARRETT','unknown','TRACEY.BARRETT@sakilacustomer.org',1),(281,8,'LEONA','OBRIEN','gay','LEONA.OBRIEN@sakilacustomer.org',0),(282,6,'JENNY','CASTRO','female','JENNY.CASTRO@sakilacustomer.org',0),(283,7,'FELICIA','SUTTON','male','FELICIA.SUTTON@sakilacustomer.org',0),(284,5,'SONIA','GREGORY','gay','SONIA.GREGORY@sakilacustomer.org',0),(285,10,'MIRIAM','MCKINNEY','lesbian','MIRIAM.MCKINNEY@sakilacustomer.org',0),(286,7,'VELMA','LUCAS','female','VELMA.LUCAS@sakilacustomer.org',0),(287,1,'BECKY','MILES','lesbian','BECKY.MILES@sakilacustomer.org',0),(288,10,'BOBBIE','CRAIG','unknown','BOBBIE.CRAIG@sakilacustomer.org',0),(289,2,'VIOLET','RODRIQUEZ','female','VIOLET.RODRIQUEZ@sakilacustomer.org',1),(290,1,'KRISTINA','CHAMBERS','gay','KRISTINA.CHAMBERS@sakilacustomer.org',1),(291,7,'TONI','HOLT','lesbian','TONI.HOLT@sakilacustomer.org',1),(292,5,'MISTY','LAMBERT','lesbian','MISTY.LAMBERT@sakilacustomer.org',0),(293,7,'MAE','FLETCHER','male','MAE.FLETCHER@sakilacustomer.org',0),(294,1,'SHELLY','WATTS','lesbian','SHELLY.WATTS@sakilacustomer.org',1),(295,6,'DAISY','BATES','female','DAISY.BATES@sakilacustomer.org',0),(296,10,'RAMONA','HALE','male','RAMONA.HALE@sakilacustomer.org',1),(297,4,'SHERRI','RHODES','female','SHERRI.RHODES@sakilacustomer.org',1),(298,6,'ERIKA','PENA','male','ERIKA.PENA@sakilacustomer.org',1),(299,5,'JAMES','GANNON','male','JAMES.GANNON@sakilacustomer.org',1),(300,2,'JOHN','FARNSWORTH','unknown','JOHN.FARNSWORTH@sakilacustomer.org',0),(301,9,'ROBERT','BAUGHMAN','male','ROBERT.BAUGHMAN@sakilacustomer.org',1),(302,5,'MICHAEL','SILVERMAN','lesbian','MICHAEL.SILVERMAN@sakilacustomer.org',0),(303,2,'WILLIAM','SATTERFIELD','male','WILLIAM.SATTERFIELD@sakilacustomer.org',1),(304,3,'DAVID','ROYAL','lesbian','DAVID.ROYAL@sakilacustomer.org',1),(305,10,'RICHARD','MCCRARY','male','RICHARD.MCCRARY@sakilacustomer.org',1),(306,5,'CHARLES','KOWALSKI','lesbian','CHARLES.KOWALSKI@sakilacustomer.org',0),(307,3,'JOSEPH','JOY','gay','JOSEPH.JOY@sakilacustomer.org',0),(308,1,'THOMAS','GRIGSBY','female','THOMAS.GRIGSBY@sakilacustomer.org',0),(309,7,'CHRISTOPHER','GRECO','unknown','CHRISTOPHER.GRECO@sakilacustomer.org',1),(310,1,'DANIEL','CABRAL','lesbian','DANIEL.CABRAL@sakilacustomer.org',0),(311,7,'PAUL','TROUT','male','PAUL.TROUT@sakilacustomer.org',0),(312,9,'MARK','RINEHART','male','MARK.RINEHART@sakilacustomer.org',1),(313,3,'DONALD','MAHON','female','DONALD.MAHON@sakilacustomer.org',0),(314,4,'GEORGE','LINTON','male','GEORGE.LINTON@sakilacustomer.org',0),(315,7,'KENNETH','GOODEN','gay','KENNETH.GOODEN@sakilacustomer.org',0),(316,2,'STEVEN','CURLEY','female','STEVEN.CURLEY@sakilacustomer.org',1),(317,4,'EDWARD','BAUGH','female','EDWARD.BAUGH@sakilacustomer.org',1),(318,10,'BRIAN','WYMAN','unknown','BRIAN.WYMAN@sakilacustomer.org',1),(319,2,'RONALD','WEINER','unknown','RONALD.WEINER@sakilacustomer.org',0),(320,5,'ANTHONY','SCHWAB','lesbian','ANTHONY.SCHWAB@sakilacustomer.org',0),(321,7,'KEVIN','SCHULER','male','KEVIN.SCHULER@sakilacustomer.org',1),(322,6,'JASON','MORRISSEY','unknown','JASON.MORRISSEY@sakilacustomer.org',1),(323,2,'MATTHEW','MAHAN','male','MATTHEW.MAHAN@sakilacustomer.org',1),(324,1,'GARY','COY','gay','GARY.COY@sakilacustomer.org',0),(325,8,'TIMOTHY','BUNN','lesbian','TIMOTHY.BUNN@sakilacustomer.org',0),(326,9,'JOSE','ANDREW','lesbian','JOSE.ANDREW@sakilacustomer.org',0),(327,5,'LARRY','THRASHER','male','LARRY.THRASHER@sakilacustomer.org',1),(328,9,'JEFFREY','SPEAR','unknown','JEFFREY.SPEAR@sakilacustomer.org',0),(329,6,'FRANK','WAGGONER','unknown','FRANK.WAGGONER@sakilacustomer.org',1),(330,3,'SCOTT','SHELLEY','lesbian','SCOTT.SHELLEY@sakilacustomer.org',0),(331,8,'ERIC','ROBERT','unknown','ERIC.ROBERT@sakilacustomer.org',1),(332,10,'STEPHEN','QUALLS','gay','STEPHEN.QUALLS@sakilacustomer.org',0),(333,3,'ANDREW','PURDY','female','ANDREW.PURDY@sakilacustomer.org',1),(334,8,'RAYMOND','MCWHORTER','male','RAYMOND.MCWHORTER@sakilacustomer.org',1),(335,7,'GREGORY','MAULDIN','female','GREGORY.MAULDIN@sakilacustomer.org',0),(336,8,'JOSHUA','MARK','male','JOSHUA.MARK@sakilacustomer.org',1),(337,4,'JERRY','JORDON','lesbian','JERRY.JORDON@sakilacustomer.org',1),(338,1,'DENNIS','GILMAN','gay','DENNIS.GILMAN@sakilacustomer.org',0),(339,9,'WALTER','PERRYMAN','male','WALTER.PERRYMAN@sakilacustomer.org',1),(340,1,'PATRICK','NEWSOM','unknown','PATRICK.NEWSOM@sakilacustomer.org',0),(341,8,'PETER','MENARD','gay','PETER.MENARD@sakilacustomer.org',1),(342,7,'HAROLD','MARTINO','male','HAROLD.MARTINO@sakilacustomer.org',1),(343,8,'DOUGLAS','GRAF','female','DOUGLAS.GRAF@sakilacustomer.org',1),(344,3,'HENRY','BILLINGSLEY','unknown','HENRY.BILLINGSLEY@sakilacustomer.org',0),(345,5,'CARL','ARTIS','lesbian','CARL.ARTIS@sakilacustomer.org',1),(346,9,'ARTHUR','SIMPKINS','male','ARTHUR.SIMPKINS@sakilacustomer.org',1),(347,7,'RYAN','SALISBURY','male','RYAN.SALISBURY@sakilacustomer.org',0),(348,7,'ROGER','QUINTANILLA','male','ROGER.QUINTANILLA@sakilacustomer.org',1),(349,6,'JOE','GILLILAND','female','JOE.GILLILAND@sakilacustomer.org',1),(350,7,'JUAN','FRALEY','gay','JUAN.FRALEY@sakilacustomer.org',1),(351,1,'JACK','FOUST','female','JACK.FOUST@sakilacustomer.org',1),(352,3,'ALBERT','CROUSE','lesbian','ALBERT.CROUSE@sakilacustomer.org',1),(353,8,'JONATHAN','SCARBOROUGH','unknown','JONATHAN.SCARBOROUGH@sakilacustomer.org',0),(354,5,'JUSTIN','NGO','unknown','JUSTIN.NGO@sakilacustomer.org',1),(355,7,'TERRY','GRISSOM','male','TERRY.GRISSOM@sakilacustomer.org',0),(356,4,'GERALD','FULTZ','unknown','GERALD.FULTZ@sakilacustomer.org',1),(357,9,'KEITH','RICO','gay','KEITH.RICO@sakilacustomer.org',1),(358,6,'SAMUEL','MARLOW','unknown','SAMUEL.MARLOW@sakilacustomer.org',1),(359,9,'WILLIE','MARKHAM','male','WILLIE.MARKHAM@sakilacustomer.org',1),(360,1,'RALPH','MADRIGAL','unknown','RALPH.MADRIGAL@sakilacustomer.org',0),(361,4,'LAWRENCE','LAWTON','gay','LAWRENCE.LAWTON@sakilacustomer.org',1),(362,1,'NICHOLAS','BARFIELD','female','NICHOLAS.BARFIELD@sakilacustomer.org',0),(363,2,'ROY','WHITING','unknown','ROY.WHITING@sakilacustomer.org',1),(364,6,'BENJAMIN','VARNEY','male','BENJAMIN.VARNEY@sakilacustomer.org',0),(365,1,'BRUCE','SCHWARZ','female','BRUCE.SCHWARZ@sakilacustomer.org',0),(366,2,'BRANDON','HUEY','male','BRANDON.HUEY@sakilacustomer.org',0),(367,4,'ADAM','GOOCH','gay','ADAM.GOOCH@sakilacustomer.org',0),(368,8,'HARRY','ARCE','female','HARRY.ARCE@sakilacustomer.org',1),(369,2,'FRED','WHEAT','female','FRED.WHEAT@sakilacustomer.org',0),(370,7,'WAYNE','TRUONG','lesbian','WAYNE.TRUONG@sakilacustomer.org',1),(371,1,'BILLY','POULIN','female','BILLY.POULIN@sakilacustomer.org',1),(372,9,'STEVE','MACKENZIE','gay','STEVE.MACKENZIE@sakilacustomer.org',1),(373,2,'LOUIS','LEONE','lesbian','LOUIS.LEONE@sakilacustomer.org',0),(374,4,'JEREMY','HURTADO','lesbian','JEREMY.HURTADO@sakilacustomer.org',1),(375,3,'AARON','SELBY','female','AARON.SELBY@sakilacustomer.org',0),(376,8,'RANDY','GAITHER','male','RANDY.GAITHER@sakilacustomer.org',0),(377,8,'HOWARD','FORTNER','male','HOWARD.FORTNER@sakilacustomer.org',0),(378,9,'EUGENE','CULPEPPER','lesbian','EUGENE.CULPEPPER@sakilacustomer.org',1),(379,3,'CARLOS','COUGHLIN','lesbian','CARLOS.COUGHLIN@sakilacustomer.org',0),(380,5,'RUSSELL','BRINSON','female','RUSSELL.BRINSON@sakilacustomer.org',1),(381,2,'BOBBY','BOUDREAU','gay','BOBBY.BOUDREAU@sakilacustomer.org',0),(382,6,'VICTOR','BARKLEY','female','VICTOR.BARKLEY@sakilacustomer.org',1),(383,7,'MARTIN','BALES','female','MARTIN.BALES@sakilacustomer.org',0),(384,10,'ERNEST','STEPP','male','ERNEST.STEPP@sakilacustomer.org',0),(385,9,'PHILLIP','HOLM','female','PHILLIP.HOLM@sakilacustomer.org',0),(386,3,'TODD','TAN','male','TODD.TAN@sakilacustomer.org',1),(387,1,'JESSE','SCHILLING','male','JESSE.SCHILLING@sakilacustomer.org',0),(388,3,'CRAIG','MORRELL','male','CRAIG.MORRELL@sakilacustomer.org',1),(389,10,'ALAN','KAHN','male','ALAN.KAHN@sakilacustomer.org',1),(390,2,'SHAWN','HEATON','lesbian','SHAWN.HEATON@sakilacustomer.org',0),(391,7,'CLARENCE','GAMEZ','lesbian','CLARENCE.GAMEZ@sakilacustomer.org',0),(392,8,'SEAN','DOUGLASS','lesbian','SEAN.DOUGLASS@sakilacustomer.org',1),(393,2,'PHILIP','CAUSEY','lesbian','PHILIP.CAUSEY@sakilacustomer.org',1),(394,5,'CHRIS','BROTHERS','gay','CHRIS.BROTHERS@sakilacustomer.org',1),(395,9,'JOHNNY','TURPIN','female','JOHNNY.TURPIN@sakilacustomer.org',1),(396,6,'EARL','SHANKS','female','EARL.SHANKS@sakilacustomer.org',0),(397,9,'JIMMY','SCHRADER','gay','JIMMY.SCHRADER@sakilacustomer.org',1),(398,7,'ANTONIO','MEEK','gay','ANTONIO.MEEK@sakilacustomer.org',1),(399,1,'DANNY','ISOM','unknown','DANNY.ISOM@sakilacustomer.org',0),(400,2,'BRYAN','HARDISON','gay','BRYAN.HARDISON@sakilacustomer.org',1),(401,6,'TONY','CARRANZA','male','TONY.CARRANZA@sakilacustomer.org',0),(402,4,'LUIS','YANEZ','male','LUIS.YANEZ@sakilacustomer.org',1),(403,5,'MIKE','WAY','female','MIKE.WAY@sakilacustomer.org',0),(404,8,'STANLEY','SCROGGINS','female','STANLEY.SCROGGINS@sakilacustomer.org',0),(405,4,'LEONARD','SCHOFIELD','lesbian','LEONARD.SCHOFIELD@sakilacustomer.org',0),(406,8,'NATHAN','RUNYON','male','NATHAN.RUNYON@sakilacustomer.org',0),(407,6,'DALE','RATCLIFF','lesbian','DALE.RATCLIFF@sakilacustomer.org',0),(408,6,'MANUEL','MURRELL','unknown','MANUEL.MURRELL@sakilacustomer.org',1),(409,6,'RODNEY','MOELLER','unknown','RODNEY.MOELLER@sakilacustomer.org',1),(410,9,'CURTIS','IRBY','female','CURTIS.IRBY@sakilacustomer.org',0),(411,2,'NORMAN','CURRIER','male','NORMAN.CURRIER@sakilacustomer.org',0),(412,9,'ALLEN','BUTTERFIELD','gay','ALLEN.BUTTERFIELD@sakilacustomer.org',1),(413,9,'MARVIN','YEE','female','MARVIN.YEE@sakilacustomer.org',0),(414,5,'VINCENT','RALSTON','female','VINCENT.RALSTON@sakilacustomer.org',0),(415,5,'GLENN','PULLEN','female','GLENN.PULLEN@sakilacustomer.org',1),(416,10,'JEFFERY','PINSON','gay','JEFFERY.PINSON@sakilacustomer.org',0),(417,10,'TRAVIS','ESTEP','female','TRAVIS.ESTEP@sakilacustomer.org',1),(418,2,'JEFF','EAST','male','JEFF.EAST@sakilacustomer.org',1),(419,9,'CHAD','CARBONE','male','CHAD.CARBONE@sakilacustomer.org',0),(420,7,'JACOB','LANCE','female','JACOB.LANCE@sakilacustomer.org',1),(421,6,'LEE','HAWKS','female','LEE.HAWKS@sakilacustomer.org',1),(422,9,'MELVIN','ELLINGTON','lesbian','MELVIN.ELLINGTON@sakilacustomer.org',0),(423,8,'ALFRED','CASILLAS','unknown','ALFRED.CASILLAS@sakilacustomer.org',0),(424,6,'KYLE','SPURLOCK','gay','KYLE.SPURLOCK@sakilacustomer.org',1),(425,10,'FRANCIS','SIKES','gay','FRANCIS.SIKES@sakilacustomer.org',0),(426,1,'BRADLEY','MOTLEY','unknown','BRADLEY.MOTLEY@sakilacustomer.org',0),(427,7,'JESUS','MCCARTNEY','gay','JESUS.MCCARTNEY@sakilacustomer.org',1),(428,5,'HERBERT','KRUGER','female','HERBERT.KRUGER@sakilacustomer.org',1),(429,2,'FREDERICK','ISBELL','male','FREDERICK.ISBELL@sakilacustomer.org',0),(430,9,'RAY','HOULE','male','RAY.HOULE@sakilacustomer.org',1),(431,9,'JOEL','FRANCISCO','unknown','JOEL.FRANCISCO@sakilacustomer.org',1),(432,3,'EDWIN','BURK','unknown','EDWIN.BURK@sakilacustomer.org',1),(433,9,'DON','BONE','male','DON.BONE@sakilacustomer.org',1),(434,3,'EDDIE','TOMLIN','gay','EDDIE.TOMLIN@sakilacustomer.org',1),(435,4,'RICKY','SHELBY','female','RICKY.SHELBY@sakilacustomer.org',0),(436,4,'TROY','QUIGLEY','gay','TROY.QUIGLEY@sakilacustomer.org',1),(437,3,'RANDALL','NEUMANN','gay','RANDALL.NEUMANN@sakilacustomer.org',0),(438,9,'BARRY','LOVELACE','male','BARRY.LOVELACE@sakilacustomer.org',0),(439,10,'ALEXANDER','FENNELL','unknown','ALEXANDER.FENNELL@sakilacustomer.org',1),(440,3,'BERNARD','COLBY','male','BERNARD.COLBY@sakilacustomer.org',1),(441,5,'MARIO','CHEATHAM','lesbian','MARIO.CHEATHAM@sakilacustomer.org',1),(442,4,'LEROY','BUSTAMANTE','female','LEROY.BUSTAMANTE@sakilacustomer.org',1),(443,5,'FRANCISCO','SKIDMORE','unknown','FRANCISCO.SKIDMORE@sakilacustomer.org',1),(444,3,'MARCUS','HIDALGO','male','MARCUS.HIDALGO@sakilacustomer.org',0),(445,6,'MICHEAL','FORMAN','unknown','MICHEAL.FORMAN@sakilacustomer.org',1),(446,6,'THEODORE','CULP','gay','THEODORE.CULP@sakilacustomer.org',1),(447,3,'CLIFFORD','BOWENS','unknown','CLIFFORD.BOWENS@sakilacustomer.org',1),(448,6,'MIGUEL','BETANCOURT','gay','MIGUEL.BETANCOURT@sakilacustomer.org',0),(449,9,'OSCAR','AQUINO','gay','OSCAR.AQUINO@sakilacustomer.org',0),(450,10,'JAY','ROBB','lesbian','JAY.ROBB@sakilacustomer.org',0),(451,6,'JIM','REA','lesbian','JIM.REA@sakilacustomer.org',1),(452,8,'TOM','MILNER','male','TOM.MILNER@sakilacustomer.org',1),(453,1,'CALVIN','MARTEL','gay','CALVIN.MARTEL@sakilacustomer.org',0),(454,9,'ALEX','GRESHAM','lesbian','ALEX.GRESHAM@sakilacustomer.org',1),(455,10,'JON','WILES','gay','JON.WILES@sakilacustomer.org',1),(456,6,'RONNIE','RICKETTS','lesbian','RONNIE.RICKETTS@sakilacustomer.org',1),(457,6,'BILL','GAVIN','unknown','BILL.GAVIN@sakilacustomer.org',1),(458,3,'LLOYD','DOWD','unknown','LLOYD.DOWD@sakilacustomer.org',1),(459,6,'TOMMY','COLLAZO','unknown','TOMMY.COLLAZO@sakilacustomer.org',0),(460,6,'LEON','BOSTIC','gay','LEON.BOSTIC@sakilacustomer.org',0),(461,3,'DEREK','BLAKELY','female','DEREK.BLAKELY@sakilacustomer.org',1),(462,1,'WARREN','SHERROD','female','WARREN.SHERROD@sakilacustomer.org',1),(463,7,'DARRELL','POWER','lesbian','DARRELL.POWER@sakilacustomer.org',1),(464,7,'JEROME','KENYON','lesbian','JEROME.KENYON@sakilacustomer.org',1),(465,2,'FLOYD','GANDY','female','FLOYD.GANDY@sakilacustomer.org',0),(466,6,'LEO','EBERT','female','LEO.EBERT@sakilacustomer.org',0),(467,7,'ALVIN','DELOACH','female','ALVIN.DELOACH@sakilacustomer.org',0),(468,7,'TIM','CARY','female','TIM.CARY@sakilacustomer.org',0),(469,4,'WESLEY','BULL','lesbian','WESLEY.BULL@sakilacustomer.org',0),(470,9,'GORDON','ALLARD','female','GORDON.ALLARD@sakilacustomer.org',1),(471,5,'DEAN','SAUER','female','DEAN.SAUER@sakilacustomer.org',1),(472,4,'GREG','ROBINS','lesbian','GREG.ROBINS@sakilacustomer.org',0),(473,5,'JORGE','OLIVARES','male','JORGE.OLIVARES@sakilacustomer.org',0),(474,9,'DUSTIN','GILLETTE','male','DUSTIN.GILLETTE@sakilacustomer.org',0),(475,10,'PEDRO','CHESTNUT','gay','PEDRO.CHESTNUT@sakilacustomer.org',0),(476,10,'DERRICK','BOURQUE','female','DERRICK.BOURQUE@sakilacustomer.org',1),(477,7,'DAN','PAINE','gay','DAN.PAINE@sakilacustomer.org',1),(478,6,'LEWIS','LYMAN','unknown','LEWIS.LYMAN@sakilacustomer.org',0),(479,4,'ZACHARY','HITE','male','ZACHARY.HITE@sakilacustomer.org',1),(480,6,'COREY','HAUSER','female','COREY.HAUSER@sakilacustomer.org',0),(481,1,'HERMAN','DEVORE','male','HERMAN.DEVORE@sakilacustomer.org',1),(482,5,'MAURICE','CRAWLEY','female','MAURICE.CRAWLEY@sakilacustomer.org',0),(483,4,'VERNON','CHAPA','male','VERNON.CHAPA@sakilacustomer.org',1),(484,3,'ROBERTO','VU','female','ROBERTO.VU@sakilacustomer.org',0),(485,10,'CLYDE','TOBIAS','female','CLYDE.TOBIAS@sakilacustomer.org',0),(486,8,'GLEN','TALBERT','lesbian','GLEN.TALBERT@sakilacustomer.org',1),(487,1,'HECTOR','POINDEXTER','gay','HECTOR.POINDEXTER@sakilacustomer.org',0),(488,10,'SHANE','MILLARD','female','SHANE.MILLARD@sakilacustomer.org',0),(489,4,'RICARDO','MEADOR','unknown','RICARDO.MEADOR@sakilacustomer.org',1),(490,6,'SAM','MCDUFFIE','male','SAM.MCDUFFIE@sakilacustomer.org',0),(491,7,'RICK','MATTOX','female','RICK.MATTOX@sakilacustomer.org',0),(492,7,'LESTER','KRAUS','female','LESTER.KRAUS@sakilacustomer.org',1),(493,6,'BRENT','HARKINS','lesbian','BRENT.HARKINS@sakilacustomer.org',0),(494,7,'RAMON','CHOATE','unknown','RAMON.CHOATE@sakilacustomer.org',0),(495,5,'CHARLIE','BESS','female','CHARLIE.BESS@sakilacustomer.org',0),(496,4,'TYLER','WREN','lesbian','TYLER.WREN@sakilacustomer.org',1),(497,3,'GILBERT','SLEDGE','male','GILBERT.SLEDGE@sakilacustomer.org',1),(498,2,'GENE','SANBORN','unknown','GENE.SANBORN@sakilacustomer.org',0),(499,10,'MARC','OUTLAW','lesbian','MARC.OUTLAW@sakilacustomer.org',1),(500,2,'REGINALD','KINDER','gay','REGINALD.KINDER@sakilacustomer.org',0),(501,5,'RUBEN','GEARY','male','RUBEN.GEARY@sakilacustomer.org',0),(502,8,'BRETT','CORNWELL','lesbian','BRETT.CORNWELL@sakilacustomer.org',1),(503,7,'ANGEL','BARCLAY','female','ANGEL.BARCLAY@sakilacustomer.org',0),(504,3,'NATHANIEL','ADAM','unknown','NATHANIEL.ADAM@sakilacustomer.org',1),(505,2,'RAFAEL','ABNEY','gay','RAFAEL.ABNEY@sakilacustomer.org',0),(506,1,'LESLIE','SEWARD','unknown','LESLIE.SEWARD@sakilacustomer.org',0),(507,4,'EDGAR','RHOADS','unknown','EDGAR.RHOADS@sakilacustomer.org',1),(508,3,'MILTON','HOWLAND','lesbian','MILTON.HOWLAND@sakilacustomer.org',1),(509,2,'RAUL','FORTIER','male','RAUL.FORTIER@sakilacustomer.org',0),(510,1,'BEN','EASTER','unknown','BEN.EASTER@sakilacustomer.org',0),(511,2,'CHESTER','BENNER','male','CHESTER.BENNER@sakilacustomer.org',0),(512,8,'CECIL','VINES','lesbian','CECIL.VINES@sakilacustomer.org',1),(513,2,'DUANE','TUBBS','female','DUANE.TUBBS@sakilacustomer.org',0),(514,7,'FRANKLIN','TROUTMAN','female','FRANKLIN.TROUTMAN@sakilacustomer.org',1),(515,1,'ANDRE','RAPP','male','ANDRE.RAPP@sakilacustomer.org',1),(516,9,'ELMER','NOE','female','ELMER.NOE@sakilacustomer.org',0),(517,1,'BRAD','MCCURDY','male','BRAD.MCCURDY@sakilacustomer.org',0),(518,6,'GABRIEL','HARDER','unknown','GABRIEL.HARDER@sakilacustomer.org',0),(519,10,'RON','DELUCA','unknown','RON.DELUCA@sakilacustomer.org',1),(520,2,'MITCHELL','WESTMORELAND','female','MITCHELL.WESTMORELAND@sakilacustomer.org',0),(521,9,'ROLAND','SOUTH','unknown','ROLAND.SOUTH@sakilacustomer.org',1),(522,8,'ARNOLD','HAVENS','female','ARNOLD.HAVENS@sakilacustomer.org',1),(523,5,'HARVEY','GUAJARDO','female','HARVEY.GUAJARDO@sakilacustomer.org',1),(524,7,'JARED','ELY','female','JARED.ELY@sakilacustomer.org',1),(525,6,'ADRIAN','CLARY','female','ADRIAN.CLARY@sakilacustomer.org',0),(526,3,'KARL','SEAL','gay','KARL.SEAL@sakilacustomer.org',1),(527,1,'CORY','MEEHAN','lesbian','CORY.MEEHAN@sakilacustomer.org',0),(528,6,'CLAUDE','HERZOG','lesbian','CLAUDE.HERZOG@sakilacustomer.org',0),(529,7,'ERIK','GUILLEN','female','ERIK.GUILLEN@sakilacustomer.org',0),(530,10,'DARRYL','ASHCRAFT','gay','DARRYL.ASHCRAFT@sakilacustomer.org',1),(531,10,'JAMIE','WAUGH','lesbian','JAMIE.WAUGH@sakilacustomer.org',1),(532,10,'NEIL','RENNER','male','NEIL.RENNER@sakilacustomer.org',1),(533,6,'JESSIE','MILAM','female','JESSIE.MILAM@sakilacustomer.org',1),(534,8,'CHRISTIAN','JUNG','lesbian','CHRISTIAN.JUNG@sakilacustomer.org',0),(535,1,'JAVIER','ELROD','male','JAVIER.ELROD@sakilacustomer.org',0),(536,4,'FERNANDO','CHURCHILL','male','FERNANDO.CHURCHILL@sakilacustomer.org',1),(537,10,'CLINTON','BUFORD','lesbian','CLINTON.BUFORD@sakilacustomer.org',0),(538,9,'TED','BREAUX','gay','TED.BREAUX@sakilacustomer.org',0),(539,5,'MATHEW','BOLIN','lesbian','MATHEW.BOLIN@sakilacustomer.org',0),(540,6,'TYRONE','ASHER','female','TYRONE.ASHER@sakilacustomer.org',0),(541,10,'DARREN','WINDHAM','male','DARREN.WINDHAM@sakilacustomer.org',1),(542,6,'LONNIE','TIRADO','female','LONNIE.TIRADO@sakilacustomer.org',1),(543,9,'LANCE','PEMBERTON','lesbian','LANCE.PEMBERTON@sakilacustomer.org',0),(544,4,'CODY','NOLEN','gay','CODY.NOLEN@sakilacustomer.org',0),(545,1,'JULIO','NOLAND','female','JULIO.NOLAND@sakilacustomer.org',0),(546,1,'KELLY','KNOTT','unknown','KELLY.KNOTT@sakilacustomer.org',0),(547,2,'KURT','EMMONS','gay','KURT.EMMONS@sakilacustomer.org',0),(548,4,'ALLAN','CORNISH','lesbian','ALLAN.CORNISH@sakilacustomer.org',0),(549,1,'NELSON','CHRISTENSON','female','NELSON.CHRISTENSON@sakilacustomer.org',1),(550,8,'GUY','BROWNLEE','male','GUY.BROWNLEE@sakilacustomer.org',0),(551,9,'CLAYTON','BARBEE','lesbian','CLAYTON.BARBEE@sakilacustomer.org',0),(552,5,'HUGH','WALDROP','male','HUGH.WALDROP@sakilacustomer.org',0),(553,5,'MAX','PITT','female','MAX.PITT@sakilacustomer.org',0),(554,4,'DWAYNE','OLVERA','female','DWAYNE.OLVERA@sakilacustomer.org',0),(555,1,'DWIGHT','LOMBARDI','lesbian','DWIGHT.LOMBARDI@sakilacustomer.org',1),(556,7,'ARMANDO','GRUBER','lesbian','ARMANDO.GRUBER@sakilacustomer.org',0),(557,1,'FELIX','GAFFNEY','female','FELIX.GAFFNEY@sakilacustomer.org',1),(558,1,'JIMMIE','EGGLESTON','female','JIMMIE.EGGLESTON@sakilacustomer.org',0),(559,3,'EVERETT','BANDA','gay','EVERETT.BANDA@sakilacustomer.org',0),(560,7,'JORDAN','ARCHULETA','male','JORDAN.ARCHULETA@sakilacustomer.org',0),(561,8,'IAN','STILL','lesbian','IAN.STILL@sakilacustomer.org',0),(562,5,'WALLACE','SLONE','lesbian','WALLACE.SLONE@sakilacustomer.org',1),(563,10,'KEN','PREWITT','male','KEN.PREWITT@sakilacustomer.org',1),(564,6,'BOB','PFEIFFER','lesbian','BOB.PFEIFFER@sakilacustomer.org',1),(565,6,'JAIME','NETTLES','female','JAIME.NETTLES@sakilacustomer.org',1),(566,4,'CASEY','MENA','unknown','CASEY.MENA@sakilacustomer.org',0),(567,2,'ALFREDO','MCADAMS','lesbian','ALFREDO.MCADAMS@sakilacustomer.org',1),(568,6,'ALBERTO','HENNING','male','ALBERTO.HENNING@sakilacustomer.org',1),(569,1,'DAVE','GARDINER','gay','DAVE.GARDINER@sakilacustomer.org',0),(570,1,'IVAN','CROMWELL','female','IVAN.CROMWELL@sakilacustomer.org',1),(571,3,'JOHNNIE','CHISHOLM','lesbian','JOHNNIE.CHISHOLM@sakilacustomer.org',0),(572,2,'SIDNEY','BURLESON','lesbian','SIDNEY.BURLESON@sakilacustomer.org',0),(573,2,'BYRON','BOX','female','BYRON.BOX@sakilacustomer.org',0),(574,4,'JULIAN','VEST','unknown','JULIAN.VEST@sakilacustomer.org',1),(575,2,'ISAAC','OGLESBY','male','ISAAC.OGLESBY@sakilacustomer.org',0),(576,10,'MORRIS','MCCARTER','lesbian','MORRIS.MCCARTER@sakilacustomer.org',1),(577,10,'CLIFTON','MALCOLM','unknown','CLIFTON.MALCOLM@sakilacustomer.org',0),(578,5,'WILLARD','LUMPKIN','lesbian','WILLARD.LUMPKIN@sakilacustomer.org',0),(579,8,'DARYL','LARUE','unknown','DARYL.LARUE@sakilacustomer.org',0),(580,3,'ROSS','GREY','female','ROSS.GREY@sakilacustomer.org',1),(581,3,'VIRGIL','WOFFORD','male','VIRGIL.WOFFORD@sakilacustomer.org',1),(582,8,'ANDY','VANHORN','male','ANDY.VANHORN@sakilacustomer.org',1),(583,4,'MARSHALL','THORN','unknown','MARSHALL.THORN@sakilacustomer.org',1),(584,3,'SALVADOR','TEEL','gay','SALVADOR.TEEL@sakilacustomer.org',1),(585,1,'PERRY','SWAFFORD','lesbian','PERRY.SWAFFORD@sakilacustomer.org',0),(586,7,'KIRK','STCLAIR','female','KIRK.STCLAIR@sakilacustomer.org',1),(587,1,'SERGIO','STANFIELD','unknown','SERGIO.STANFIELD@sakilacustomer.org',0),(588,9,'MARION','OCAMPO','gay','MARION.OCAMPO@sakilacustomer.org',0),(589,8,'TRACY','HERRMANN','male','TRACY.HERRMANN@sakilacustomer.org',1),(590,1,'SETH','HANNON','male','SETH.HANNON@sakilacustomer.org',1),(591,4,'KENT','ARSENAULT','gay','KENT.ARSENAULT@sakilacustomer.org',0),(592,8,'TERRANCE','ROUSH','male','TERRANCE.ROUSH@sakilacustomer.org',1),(593,7,'RENE','MCALISTER','lesbian','RENE.MCALISTER@sakilacustomer.org',0),(594,2,'EDUARDO','HIATT','gay',NULL,1),(595,6,'TERRENCE','GUNDERSON','male','TERRENCE.GUNDERSON@sakilacustomer.org',0),(596,8,'ENRIQUE','FORSYTHE','female','ENRIQUE.FORSYTHE@sakilacustomer.org',1),(597,1,'FREDDIE','DUGGAN','female','FREDDIE.DUGGAN@sakilacustomer.org',1),(598,8,'WADE','DELVALLE','female','WADE.DELVALLE@sakilacustomer.org',1),(599,4,'AUSTIN','CINTRON','unknown','AUSTIN.CINTRON@sakilacustomer.org.vn',0),(600,1,'Tạ','Tú','male','taanhtu95@gmail.com',1),(601,4,'Nguyễn','Điệp','unknown','diep@gmail.com',0);

