INSERT INTO `category` (`id`, `name`) VALUES ('1', 'Tiểu thuyết');
INSERT INTO `category` (`id`, `name`) VALUES ('2', 'Manga');
INSERT INTO `category` (`id`, `name`) VALUES ('3', 'Sách tham khảo');
INSERT INTO `category` (`id`, `name`) VALUES ('4', 'Kinh tế học');
INSERT INTO `category` (`id`, `name`) VALUES ('5', 'Kỹ năng sống');
INSERT INTO `category` (`id`, `name`) VALUES ('6', 'Triết học');

INSERT INTO `book` VALUES (1,'Những tháng năm rực rỡ','Ae-ran Kim',96000,1,'2020-01-11 22:10:00','2020-01-14 00:00:00'),(2,'21 bài học cho thế kỉ 21','Yuval Noah Harari',210000,3,'2020-01-12 11:24:00','2020-01-14 00:00:00'),(3,'Conan 97','Gosho Aoyama',20000,2,'2020-01-13 13:21:00','2020-01-14 00:00:00'),(4,'Battle Royale','Koushun Takami',230000,1,'2020-01-14 07:18:00','2020-01-14 00:00:00'),(5,'Tôi là ai – và nếu vậy thì bao nhiêu','Richard David Precht',115000,6,'2020-01-14 09:10:00','2020-01-14 00:00:00'),(6,'Sapiens: Lược Sử Loài Người','Yuval Noah Harari',209000,3,'2020-08-13 23:30:35','2020-08-11 23:30:35'),(7,'Internet Của Tiền Tệ','Andreas M. Antonopoulos',199000,4,'2020-08-17 23:31:46','2020-08-11 23:31:46'),(8,'Nóng Giận Là Bản Năng , Tĩnh Lặng Là Bản Lĩnh','Tống Mặc',89000,5,'2020-08-19 23:31:27','2020-08-11 23:35:27'),(9,'Trên Đường Băng','Tony Buổi Sáng',80000,5,'2020-08-12 23:32:27','2020-08-11 23:35:27'),(10,'The Little Prince','Antoine De Saint-Exupéry',231000,1,'2020-08-10 23:33:27','2020-08-11 23:35:27'),(11,'Nhà Giả Kim','Paulo Coelho',231000,1,'2020-08-18 23:34:27','2020-08-11 23:35:27'),(12,'Khi Hơi Thở Hóa Thinh Không','Paul Kalanithi',109000,1,'2020-08-12 23:35:27','2020-08-11 23:35:27'),(13,'Putin - Logic Của Quyền Lực','Hubert Seipel',138000,1,'2020-08-11 23:36:17','2020-08-11 23:36:17'),(14,'Đừng Lựa Chọn An Nhàn Khi Còn Trẻ','Cảnh Thiên',81000,5,'2020-08-15 23:36:49','2020-08-11 23:36:49'),(15,'Sống Thực Tế Giữa Đời Thực Dụng','Mễ Mông',98000,1,'2020-08-11 23:37:12','2020-08-11 23:37:12'),(16,'Chủ Nghĩa Khắc Kỷ - Phong Cách Sống Bản Lĩnh Và Bình Thản','William B. Irvine',125000,1,'2020-08-18 23:37:35','2020-08-11 23:37:35');

INSERT INTO `user` (`id`, `username`, `name`, `password`) VALUES ('1', 'admin', 'Admin', '{bcrypt}$2a$10$4TENNUAwIX4uG8GX2UWPBOuVSB3mBIlMcSVzAePDI/DHieJKQ0P7O');
INSERT INTO `user` (`id`, `username`, `name`, `password`) VALUES ('2', 'att', 'Tạ Anh Tú', '{bcrypt}$2a$10$4TENNUAwIX4uG8GX2UWPBOuVSB3mBIlMcSVzAePDI/DHieJKQ0P7O');
INSERT INTO `user` (`id`, `username`, `name`, `password`) VALUES ('3', 'tuzaku', 'Tuzaku', '{bcrypt}$2a$10$4TENNUAwIX4uG8GX2UWPBOuVSB3mBIlMcSVzAePDI/DHieJKQ0P7O');

INSERT INTO `role` (`id`, `name`) VALUES ('1', 'ADMIN');
INSERT INTO `role` (`id`, `name`) VALUES ('2', 'USER');
INSERT INTO `role` (`id`, `name`) VALUES ('3', 'STORE_MANAGER');

INSERT INTO `user_role` (`id`, `user_id`, `role_id`) VALUES ('1', '1', '1');
INSERT INTO `user_role` (`id`, `user_id`, `role_id`) VALUES ('2', '1', '2');
INSERT INTO `user_role` (`id`, `user_id`, `role_id`) VALUES ('3', '2', '2');
INSERT INTO `user_role` (`id`, `user_id`, `role_id`) VALUES ('4', '1', '3');
INSERT INTO `user_role` (`id`, `user_id`, `role_id`) VALUES ('5', '3', '3');

INSERT INTO `store` (`id`, `name`, `address`) VALUES ('1', 'Tiki', 'Hà Nội');
INSERT INTO `store` (`id`, `name`, `address`) VALUES ('2', 'Lazada', 'Đà Nẵng');
INSERT INTO `store` (`id`, `name`, `address`) VALUES ('3', 'Shopee', 'TP. HCM');
INSERT INTO `store` (`id`, `name`, `address`) VALUES ('4', 'Sendo', 'Huế');
INSERT INTO `store` (`id`, `name`, `address`) VALUES ('5', 'Cửa hàng sách Saet Buyl', 'Seoul');
INSERT INTO `store` (`id`, `name`, `address`) VALUES ('6', 'Thái Hà Book', '123 Thái Hà, Đống Đa, Hà Nội');
INSERT INTO `store` (`id`, `name`, `address`) VALUES ('7', 'DemoStore', '382 Nguyễn Trãi, Hà Nội');
INSERT INTO `store` (`id`, `name`, `address`) VALUES ('8', 'Torano store', '32 Khuất Duy Tiến, Hà Nội');
INSERT INTO `store` (`id`, `name`, `address`) VALUES ('9', 'H2T Store', '113 Tràng Tiền, Hà Nội');
INSERT INTO `store` (`id`, `name`, `address`) VALUES ('10', 'Tràng Tiền Plaza', '1 Tràng Tiền, Hà Nội');
INSERT INTO `store` (`id`, `name`, `address`) VALUES ('11', 'DemoStore', '1 Phạm Văn Bạch');
INSERT INTO `store` (`id`, `name`, `address`) VALUES ('12', 'Tiki', 'TP. HCM');

INSERT INTO `staff` VALUES (1,10,'MARY','SMITH','male','MARY.SMITH@sakilacustomer.org'),(2,1,'PATRICIA','JOHNSON','unknown','PATRICIA.JOHNSON@sakilacustomer.org'),(3,4,'LINDA','WILLIAMS','male','LINDA.WILLIAMS@sakilacustomer.org'),(4,6,'BARBARA','JONES','male','BARBARA.JONES@sakilacustomer.org'),(5,7,'ELIZABETH','BROWN','male','ELIZABETH.BROWN@sakilacustomer.org'),(6,1,'JENNIFER','DAVIS','lesbian','JENNIFER.DAVIS@sakilacustomer.org'),(7,8,'MARIA','MILLER','unknown','MARIA.MILLER@sakilacustomer.org'),(8,6,'SUSAN','WILSON','lesbian','SUSAN.WILSON@sakilacustomer.org'),(9,1,'MARGARET','MOORE','gay','MARGARET.MOORE@sakilacustomer.org'),(10,2,'DOROTHY','TAYLOR','unknown','DOROTHY.TAYLOR@sakilacustomer.org'),(11,1,'LISA','ANDERSON','unknown','LISA.ANDERSON@sakilacustomer.org'),(12,1,'NANCY','THOMAS','gay','NANCY.THOMAS@sakilacustomer.org'),(13,4,'KAREN','JACKSON','male','KAREN.JACKSON@sakilacustomer.org'),(14,5,'BETTY','WHITE','unknown','BETTY.WHITE@sakilacustomer.org'),(15,10,'HELEN','HARRIS','female','HELEN.HARRIS@sakilacustomer.org'),(16,6,'SANDRA','MARTIN','female','SANDRA.MARTIN@sakilacustomer.org'),(17,1,'DONNA','THOMPSON','male','DONNA.THOMPSON@sakilacustomer.org'),(18,7,'CAROL','GARCIA','male','CAROL.GARCIA@sakilacustomer.org'),(19,3,'RUTH','MARTINEZ','female','RUTH.MARTINEZ@sakilacustomer.org'),(20,5,'SHARON','ROBINSON','female','SHARON.ROBINSON@sakilacustomer.org'),(21,4,'MICHELLE','CLARK','lesbian','MICHELLE.CLARK@sakilacustomer.org'),(22,7,'LAURA','RODRIGUEZ','unknown','LAURA.RODRIGUEZ@sakilacustomer.org'),(23,7,'SARAH','LEWIS','male','SARAH.LEWIS@sakilacustomer.org'),(24,5,'KIMBERLY','LEE','unknown','KIMBERLY.LEE@sakilacustomer.org'),(25,8,'DEBORAH','WALKER','lesbian','DEBORAH.WALKER@sakilacustomer.org'),(26,4,'JESSICA','HALL','lesbian','JESSICA.HALL@sakilacustomer.org'),(27,5,'SHIRLEY','ALLEN','male','SHIRLEY.ALLEN@sakilacustomer.org'),(28,4,'CYNTHIA','YOUNG','unknown','CYNTHIA.YOUNG@sakilacustomer.org'),(29,9,'ANGELA','HERNANDEZ','male','ANGELA.HERNANDEZ@sakilacustomer.org'),(30,10,'MELISSA','KING','gay','MELISSA.KING@sakilacustomer.org'),(31,6,'BRENDA','WRIGHT','gay','BRENDA.WRIGHT@sakilacustomer.org'),(32,2,'AMY','LOPEZ','lesbian','AMY.LOPEZ@sakilacustomer.org'),(33,9,'ANNA','HILL','gay','ANNA.HILL@sakilacustomer.org'),(34,7,'REBECCA','SCOTT','gay','REBECCA.SCOTT@sakilacustomer.org'),(35,5,'VIRGINIA','GREEN','male','VIRGINIA.GREEN@sakilacustomer.org'),(36,10,'KATHLEEN','ADAMS','gay','KATHLEEN.ADAMS@sakilacustomer.org'),(37,2,'PAMELA','BAKER','male','PAMELA.BAKER@sakilacustomer.org'),(38,3,'MARTHA','GONZALEZ','unknown','MARTHA.GONZALEZ@sakilacustomer.org'),(39,6,'DEBRA','NELSON','female','DEBRA.NELSON@sakilacustomer.org'),(40,7,'AMANDA','CARTER','lesbian','AMANDA.CARTER@sakilacustomer.org'),(41,6,'STEPHANIE','MITCHELL','unknown','STEPHANIE.MITCHELL@sakilacustomer.org'),(42,8,'CAROLYN','PEREZ','female','CAROLYN.PEREZ@sakilacustomer.org'),(43,8,'CHRISTINE','ROBERTS','female','CHRISTINE.ROBERTS@sakilacustomer.org'),(44,2,'MARIE','TURNER','female','MARIE.TURNER@sakilacustomer.org'),(45,6,'JANET','PHILLIPS','gay','JANET.PHILLIPS@sakilacustomer.org'),(46,8,'CATHERINE','CAMPBELL','female','CATHERINE.CAMPBELL@sakilacustomer.org'),(47,3,'FRANCES','PARKER','unknown','FRANCES.PARKER@sakilacustomer.org'),(48,6,'ANN','EVANS','gay','ANN.EVANS@sakilacustomer.org'),(49,1,'JOYCE','EDWARDS','unknown','JOYCE.EDWARDS@sakilacustomer.org'),(50,7,'DIANE','COLLINS','gay','DIANE.COLLINS@sakilacustomer.org'),(51,2,'ALICE','STEWART','lesbian','ALICE.STEWART@sakilacustomer.org'),(52,1,'JULIE','SANCHEZ','male','JULIE.SANCHEZ@sakilacustomer.org'),(53,9,'HEATHER','MORRIS','gay','HEATHER.MORRIS@sakilacustomer.org'),(54,7,'TERESA','ROGERS','lesbian','TERESA.ROGERS@sakilacustomer.org'),(55,1,'DORIS','REED','unknown','DORIS.REED@sakilacustomer.org'),(56,9,'GLORIA','COOK','lesbian','GLORIA.COOK@sakilacustomer.org'),(57,3,'EVELYN','MORGAN','gay','EVELYN.MORGAN@sakilacustomer.org'),(58,6,'JEAN','BELL','lesbian','JEAN.BELL@sakilacustomer.org'),(59,5,'CHERYL','MURPHY','unknown','CHERYL.MURPHY@sakilacustomer.org'),(60,4,'MILDRED','BAILEY','gay','MILDRED.BAILEY@sakilacustomer.org'),(61,7,'KATHERINE','RIVERA','male','KATHERINE.RIVERA@sakilacustomer.org'),(62,7,'JOAN','COOPER','female','JOAN.COOPER@sakilacustomer.org'),(63,4,'ASHLEY','RICHARDSON','unknown','ASHLEY.RICHARDSON@sakilacustomer.org'),(64,8,'JUDITH','COX','male','JUDITH.COX@sakilacustomer.org'),(65,7,'ROSE','HOWARD','male','ROSE.HOWARD@sakilacustomer.org'),(66,2,'JANICE','WARD','unknown','JANICE.WARD@sakilacustomer.org'),(67,2,'KELLY','TORRES','male','KELLY.TORRES@sakilacustomer.org'),(68,5,'NICOLE','PETERSON','lesbian','NICOLE.PETERSON@sakilacustomer.org'),(69,4,'JUDY','GRAY','gay','JUDY.GRAY@sakilacustomer.org'),(70,8,'CHRISTINA','RAMIREZ','unknown','CHRISTINA.RAMIREZ@sakilacustomer.org'),(71,9,'KATHY','JAMES','female','KATHY.JAMES@sakilacustomer.org'),(72,4,'THERESA','WATSON','unknown','THERESA.WATSON@sakilacustomer.org'),(73,6,'BEVERLY','BROOKS','male','BEVERLY.BROOKS@sakilacustomer.org'),(74,10,'DENISE','KELLY','male','DENISE.KELLY@sakilacustomer.org'),(75,4,'TAMMY','SANDERS','lesbian','TAMMY.SANDERS@sakilacustomer.org'),(76,4,'IRENE','PRICE','unknown','IRENE.PRICE@sakilacustomer.org'),(77,9,'JANE','BENNETT','unknown','JANE.BENNETT@sakilacustomer.org'),(78,4,'LORI','WOOD','lesbian','LORI.WOOD@sakilacustomer.org'),(79,2,'RACHEL','BARNES','unknown','RACHEL.BARNES@sakilacustomer.org'),(80,5,'MARILYN','ROSS','male','MARILYN.ROSS@sakilacustomer.org'),(81,2,'ANDREA','HENDERSON','female','ANDREA.HENDERSON@sakilacustomer.org'),(82,10,'KATHRYN','COLEMAN','male','KATHRYN.COLEMAN@sakilacustomer.org'),(83,6,'LOUISE','JENKINS','male','LOUISE.JENKINS@sakilacustomer.org'),(84,8,'SARA','PERRY','unknown','SARA.PERRY@sakilacustomer.org'),(85,9,'ANNE','POWELL','female','ANNE.POWELL@sakilacustomer.org'),(86,2,'JACQUELINE','LONG','male','JACQUELINE.LONG@sakilacustomer.org'),(87,9,'WANDA','PATTERSON','lesbian','WANDA.PATTERSON@sakilacustomer.org'),(88,8,'BONNIE','HUGHES','male','BONNIE.HUGHES@sakilacustomer.org'),(89,10,'JULIA','FLORES','lesbian','JULIA.FLORES@sakilacustomer.org'),(90,10,'RUBY','WASHINGTON','lesbian','RUBY.WASHINGTON@sakilacustomer.org'),(91,6,'LOIS','BUTLER','gay','LOIS.BUTLER@sakilacustomer.org'),(92,5,'TINA','SIMMONS','male','TINA.SIMMONS@sakilacustomer.org'),(93,4,'PHYLLIS','FOSTER','gay','PHYLLIS.FOSTER@sakilacustomer.org'),(94,9,'NORMA','GONZALES','gay','NORMA.GONZALES@sakilacustomer.org'),(95,2,'PAULA','BRYANT','female','PAULA.BRYANT@sakilacustomer.org'),(96,2,'DIANA','ALEXANDER','female','DIANA.ALEXANDER@sakilacustomer.org'),(97,7,'ANNIE','RUSSELL','gay','ANNIE.RUSSELL@sakilacustomer.org'),(98,5,'LILLIAN','GRIFFIN','female','LILLIAN.GRIFFIN@sakilacustomer.org'),(99,3,'EMILY','DIAZ','unknown','EMILY.DIAZ@sakilacustomer.org'),(100,10,'ROBIN','HAYES','gay','ROBIN.HAYES@sakilacustomer.org'),(101,2,'PEGGY','MYERS','female','PEGGY.MYERS@sakilacustomer.org'),(102,2,'CRYSTAL','FORD','male','CRYSTAL.FORD@sakilacustomer.org'),(103,8,'GLADYS','HAMILTON','lesbian','GLADYS.HAMILTON@sakilacustomer.org'),(104,5,'RITA','GRAHAM','male','RITA.GRAHAM@sakilacustomer.org'),(105,4,'DAWN','SULLIVAN','lesbian','DAWN.SULLIVAN@sakilacustomer.org'),(106,4,'CONNIE','WALLACE','lesbian','CONNIE.WALLACE@sakilacustomer.org'),(107,4,'FLORENCE','WOODS','lesbian','FLORENCE.WOODS@sakilacustomer.org'),(108,10,'TRACY','COLE','male','TRACY.COLE@sakilacustomer.org'),(109,4,'EDNA','WEST','unknown','EDNA.WEST@sakilacustomer.org'),(110,5,'TIFFANY','JORDAN','lesbian','TIFFANY.JORDAN@sakilacustomer.org'),(111,9,'CARMEN','OWENS','gay','CARMEN.OWENS@sakilacustomer.org'),(112,5,'ROSA','REYNOLDS','male','ROSA.REYNOLDS@sakilacustomer.org'),(113,9,'CINDY','FISHER','lesbian','CINDY.FISHER@sakilacustomer.org'),(114,9,'GRACE','ELLIS','male','GRACE.ELLIS@sakilacustomer.org'),(115,6,'WENDY','HARRISON','male','WENDY.HARRISON@sakilacustomer.org'),(116,1,'VICTORIA','GIBSON','lesbian','VICTORIA.GIBSON@sakilacustomer.org'),(117,7,'EDITH','MCDONALD','unknown','EDITH.MCDONALD@sakilacustomer.org'),(118,8,'KIM','CRUZ','gay','KIM.CRUZ@sakilacustomer.org'),(119,3,'SHERRY','MARSHALL','male','SHERRY.MARSHALL@sakilacustomer.org'),(120,1,'SYLVIA','ORTIZ','gay','SYLVIA.ORTIZ@sakilacustomer.org'),(121,7,'JOSEPHINE','GOMEZ','female','JOSEPHINE.GOMEZ@sakilacustomer.org'),(122,1,'THELMA','MURRAY','female','THELMA.MURRAY@sakilacustomer.org'),(123,8,'SHANNON','FREEMAN','unknown','SHANNON.FREEMAN@sakilacustomer.org'),(124,5,'SHEILA','WELLS','male','SHEILA.WELLS@sakilacustomer.org'),(125,3,'ETHEL','WEBB','unknown','ETHEL.WEBB@sakilacustomer.org'),(126,1,'ELLEN','SIMPSON','lesbian','ELLEN.SIMPSON@sakilacustomer.org'),(127,7,'ELAINE','STEVENS','gay','ELAINE.STEVENS@sakilacustomer.org'),(128,7,'MARJORIE','TUCKER','unknown','MARJORIE.TUCKER@sakilacustomer.org'),(129,5,'CARRIE','PORTER','male','CARRIE.PORTER@sakilacustomer.org'),(130,1,'CHARLOTTE','HUNTER','male','CHARLOTTE.HUNTER@sakilacustomer.org'),(131,3,'MONICA','HICKS','gay','MONICA.HICKS@sakilacustomer.org'),(132,4,'ESTHER','CRAWFORD','gay','ESTHER.CRAWFORD@sakilacustomer.org'),(133,3,'PAULINE','HENRY','gay','PAULINE.HENRY@sakilacustomer.org'),(134,9,'EMMA','BOYD','male','EMMA.BOYD@sakilacustomer.org'),(135,10,'JUANITA','MASON','unknown','JUANITA.MASON@sakilacustomer.org'),(136,5,'ANITA','MORALES','lesbian','ANITA.MORALES@sakilacustomer.org'),(137,9,'RHONDA','KENNEDY','male','RHONDA.KENNEDY@sakilacustomer.org'),(138,10,'HAZEL','WARREN','male','HAZEL.WARREN@sakilacustomer.org'),(139,9,'AMBER','DIXON','lesbian','AMBER.DIXON@sakilacustomer.org'),(140,7,'EVA','RAMOS','female','EVA.RAMOS@sakilacustomer.org'),(141,4,'DEBBIE','REYES','male','DEBBIE.REYES@sakilacustomer.org'),(142,10,'APRIL','BURNS','lesbian','APRIL.BURNS@sakilacustomer.org'),(143,7,'LESLIE','GORDON','lesbian','LESLIE.GORDON@sakilacustomer.org'),(144,6,'CLARA','SHAW','unknown','CLARA.SHAW@sakilacustomer.org'),(145,2,'LUCILLE','HOLMES','male','LUCILLE.HOLMES@sakilacustomer.org'),(146,2,'JAMIE','RICE','unknown','JAMIE.RICE@sakilacustomer.org'),(147,4,'JOANNE','ROBERTSON','unknown','JOANNE.ROBERTSON@sakilacustomer.org'),(148,7,'ELEANOR','HUNT','gay','ELEANOR.HUNT@sakilacustomer.org'),(149,7,'VALERIE','BLACK','unknown','VALERIE.BLACK@sakilacustomer.org'),(150,1,'DANIELLE','DANIELS','gay','DANIELLE.DANIELS@sakilacustomer.org'),(151,8,'MEGAN','PALMER','lesbian','MEGAN.PALMER@sakilacustomer.org'),(152,6,'ALICIA','MILLS','gay','ALICIA.MILLS@sakilacustomer.org'),(153,1,'SUZANNE','NICHOLS','gay','SUZANNE.NICHOLS@sakilacustomer.org'),(154,10,'MICHELE','GRANT','unknown','MICHELE.GRANT@sakilacustomer.org'),(155,2,'GAIL','KNIGHT','unknown','GAIL.KNIGHT@sakilacustomer.org'),(156,5,'BERTHA','FERGUSON','lesbian','BERTHA.FERGUSON@sakilacustomer.org'),(157,2,'DARLENE','ROSE','female','DARLENE.ROSE@sakilacustomer.org'),(158,1,'VERONICA','STONE','gay','VERONICA.STONE@sakilacustomer.org'),(159,2,'JILL','HAWKINS','male','JILL.HAWKINS@sakilacustomer.org'),(160,7,'ERIN','DUNN','unknown','ERIN.DUNN@sakilacustomer.org'),(161,6,'GERALDINE','PERKINS','lesbian','GERALDINE.PERKINS@sakilacustomer.org'),(162,6,'LAUREN','HUDSON','lesbian','LAUREN.HUDSON@sakilacustomer.org'),(163,1,'CATHY','SPENCER','male','CATHY.SPENCER@sakilacustomer.org'),(164,7,'JOANN','GARDNER','male','JOANN.GARDNER@sakilacustomer.org'),(165,6,'LORRAINE','STEPHENS','male','LORRAINE.STEPHENS@sakilacustomer.org'),(166,4,'LYNN','PAYNE','unknown','LYNN.PAYNE@sakilacustomer.org'),(167,5,'SALLY','PIERCE','female','SALLY.PIERCE@sakilacustomer.org'),(168,2,'REGINA','BERRY','unknown','REGINA.BERRY@sakilacustomer.org'),(169,9,'ERICA','MATTHEWS','female','ERICA.MATTHEWS@sakilacustomer.org'),(170,2,'BEATRICE','ARNOLD','gay','BEATRICE.ARNOLD@sakilacustomer.org'),(171,1,'DOLORES','WAGNER','unknown','DOLORES.WAGNER@sakilacustomer.org'),(172,9,'BERNICE','WILLIS','unknown','BERNICE.WILLIS@sakilacustomer.org'),(173,10,'AUDREY','RAY','lesbian','AUDREY.RAY@sakilacustomer.org'),(174,3,'YVONNE','WATKINS','lesbian','YVONNE.WATKINS@sakilacustomer.org'),(175,9,'ANNETTE','OLSON','male','ANNETTE.OLSON@sakilacustomer.org'),(176,7,'JUNE','CARROLL','lesbian','JUNE.CARROLL@sakilacustomer.org'),(177,4,'SAMANTHA','DUNCAN','unknown','SAMANTHA.DUNCAN@sakilacustomer.org'),(178,10,'MARION','SNYDER','lesbian','MARION.SNYDER@sakilacustomer.org'),(179,10,'DANA','HART','unknown','DANA.HART@sakilacustomer.org'),(180,8,'STACY','CUNNINGHAM','unknown','STACY.CUNNINGHAM@sakilacustomer.org'),(181,8,'ANA','BRADLEY','gay','ANA.BRADLEY@sakilacustomer.org'),(182,9,'RENEE','LANE','lesbian','RENEE.LANE@sakilacustomer.org'),(183,4,'IDA','ANDREWS','male','IDA.ANDREWS@sakilacustomer.org'),(184,7,'VIVIAN','RUIZ','lesbian','VIVIAN.RUIZ@sakilacustomer.org'),(185,4,'ROBERTA','HARPER','male','ROBERTA.HARPER@sakilacustomer.org'),(186,8,'HOLLY','FOX','gay','HOLLY.FOX@sakilacustomer.org'),(187,10,'BRITTANY','RILEY','lesbian','BRITTANY.RILEY@sakilacustomer.org'),(188,2,'MELANIE','ARMSTRONG','female','MELANIE.ARMSTRONG@sakilacustomer.org'),(189,10,'LORETTA','CARPENTER','gay','LORETTA.CARPENTER@sakilacustomer.org'),(190,10,'YOLANDA','WEAVER','unknown','YOLANDA.WEAVER@sakilacustomer.org'),(191,4,'JEANETTE','GREENE','unknown','JEANETTE.GREENE@sakilacustomer.org'),(192,10,'LAURIE','LAWRENCE','male','LAURIE.LAWRENCE@sakilacustomer.org'),(193,3,'KATIE','ELLIOTT','male','KATIE.ELLIOTT@sakilacustomer.org'),(194,8,'KRISTEN','CHAVEZ','lesbian','KRISTEN.CHAVEZ@sakilacustomer.org'),(195,1,'VANESSA','SIMS','unknown','VANESSA.SIMS@sakilacustomer.org'),(196,7,'ALMA','AUSTIN','female','ALMA.AUSTIN@sakilacustomer.org'),(197,2,'SUE','PETERS','male','SUE.PETERS@sakilacustomer.org'),(198,5,'ELSIE','KELLEY','unknown','ELSIE.KELLEY@sakilacustomer.org'),(199,1,'BETH','FRANKLIN','gay','BETH.FRANKLIN@sakilacustomer.org'),(200,4,'JEANNE','LAWSON','female','JEANNE.LAWSON@sakilacustomer.org'),(201,9,'VICKI','FIELDS','male','VICKI.FIELDS@sakilacustomer.org'),(202,9,'CARLA','GUTIERREZ','lesbian','CARLA.GUTIERREZ@sakilacustomer.org'),(203,4,'TARA','RYAN','male','TARA.RYAN@sakilacustomer.org'),(204,9,'ROSEMARY','SCHMIDT','male','ROSEMARY.SCHMIDT@sakilacustomer.org'),(205,3,'EILEEN','CARR','lesbian','EILEEN.CARR@sakilacustomer.org'),(206,4,'TERRI','VASQUEZ','unknown','TERRI.VASQUEZ@sakilacustomer.org'),(207,5,'GERTRUDE','CASTILLO','female','GERTRUDE.CASTILLO@sakilacustomer.org'),(208,8,'LUCY','WHEELER','unknown','LUCY.WHEELER@sakilacustomer.org'),(209,8,'TONYA','CHAPMAN','unknown','TONYA.CHAPMAN@sakilacustomer.org'),(210,10,'ELLA','OLIVER','unknown','ELLA.OLIVER@sakilacustomer.org'),(211,9,'STACEY','MONTGOMERY','female','STACEY.MONTGOMERY@sakilacustomer.org'),(212,7,'WILMA','RICHARDS','unknown','WILMA.RICHARDS@sakilacustomer.org'),(213,10,'GINA','WILLIAMSON','lesbian','GINA.WILLIAMSON@sakilacustomer.org'),(214,10,'KRISTIN','JOHNSTON','gay','KRISTIN.JOHNSTON@sakilacustomer.org'),(215,4,'JESSIE','BANKS','male','JESSIE.BANKS@sakilacustomer.org'),(216,4,'NATALIE','MEYER','female','NATALIE.MEYER@sakilacustomer.org'),(217,1,'AGNES','BISHOP','male','AGNES.BISHOP@sakilacustomer.org'),(218,9,'VERA','MCCOY','gay','VERA.MCCOY@sakilacustomer.org'),(219,8,'WILLIE','HOWELL','unknown','WILLIE.HOWELL@sakilacustomer.org'),(220,4,'CHARLENE','ALVAREZ','gay','CHARLENE.ALVAREZ@sakilacustomer.org'),(221,3,'BESSIE','MORRISON','gay','BESSIE.MORRISON@sakilacustomer.org'),(222,10,'DELORES','HANSEN','unknown','DELORES.HANSEN@sakilacustomer.org'),(223,3,'MELINDA','FERNANDEZ','female','MELINDA.FERNANDEZ@sakilacustomer.org'),(224,8,'PEARL','GARZA','unknown','PEARL.GARZA@sakilacustomer.org'),(225,4,'ARLENE','HARVEY','lesbian','ARLENE.HARVEY@sakilacustomer.org'),(226,6,'MAUREEN','LITTLE','female','MAUREEN.LITTLE@sakilacustomer.org'),(227,3,'COLLEEN','BURTON','male','COLLEEN.BURTON@sakilacustomer.org'),(228,3,'ALLISON','STANLEY','gay','ALLISON.STANLEY@sakilacustomer.org'),(229,10,'TAMARA','NGUYEN','gay','TAMARA.NGUYEN@sakilacustomer.org'),(230,1,'JOY','GEORGE','unknown','JOY.GEORGE@sakilacustomer.org'),(231,1,'GEORGIA','JACOBS','female','GEORGIA.JACOBS@sakilacustomer.org'),(232,10,'CONSTANCE','REID','lesbian','CONSTANCE.REID@sakilacustomer.org'),(233,9,'LILLIE','KIM','unknown','LILLIE.KIM@sakilacustomer.org'),(234,8,'CLAUDIA','FULLER','gay','CLAUDIA.FULLER@sakilacustomer.org'),(235,2,'JACKIE','LYNCH','male','JACKIE.LYNCH@sakilacustomer.org'),(236,2,'MARCIA','DEAN','unknown','MARCIA.DEAN@sakilacustomer.org'),(237,4,'TANYA','GILBERT','unknown','TANYA.GILBERT@sakilacustomer.org'),(238,5,'NELLIE','GARRETT','female','NELLIE.GARRETT@sakilacustomer.org'),(239,1,'MINNIE','ROMERO','female','MINNIE.ROMERO@sakilacustomer.org'),(240,10,'MARLENE','WELCH','unknown','MARLENE.WELCH@sakilacustomer.org'),(241,4,'HEIDI','LARSON','lesbian','HEIDI.LARSON@sakilacustomer.org'),(242,5,'GLENDA','FRAZIER','gay','GLENDA.FRAZIER@sakilacustomer.org'),(243,4,'LYDIA','BURKE','lesbian','LYDIA.BURKE@sakilacustomer.org'),(244,5,'VIOLA','HANSON','male','VIOLA.HANSON@sakilacustomer.org'),(245,10,'COURTNEY','DAY','lesbian','COURTNEY.DAY@sakilacustomer.org'),(246,9,'MARIAN','MENDOZA','gay','MARIAN.MENDOZA@sakilacustomer.org'),(247,2,'STELLA','MORENO','gay','STELLA.MORENO@sakilacustomer.org'),(248,4,'CAROLINE','BOWMAN','male','CAROLINE.BOWMAN@sakilacustomer.org'),(249,8,'DORA','MEDINA','male','DORA.MEDINA@sakilacustomer.org'),(250,8,'JO','FOWLER','lesbian','JO.FOWLER@sakilacustomer.org'),(251,2,'VICKIE','BREWER','lesbian','VICKIE.BREWER@sakilacustomer.org'),(252,8,'MATTIE','HOFFMAN','unknown','MATTIE.HOFFMAN@sakilacustomer.org'),(253,2,'TERRY','CARLSON','female','TERRY.CARLSON@sakilacustomer.org'),(254,3,'MAXINE','SILVA','female','MAXINE.SILVA@sakilacustomer.org'),(255,4,'IRMA','PEARSON','lesbian','IRMA.PEARSON@sakilacustomer.org'),(256,3,'MABEL','HOLLAND','male','MABEL.HOLLAND@sakilacustomer.org'),(257,5,'MARSHA','DOUGLAS','female','MARSHA.DOUGLAS@sakilacustomer.org'),(258,6,'MYRTLE','FLEMING','female','MYRTLE.FLEMING@sakilacustomer.org'),(259,6,'LENA','JENSEN','male','LENA.JENSEN@sakilacustomer.org'),(260,9,'CHRISTY','VARGAS','lesbian','CHRISTY.VARGAS@sakilacustomer.org'),(261,5,'DEANNA','BYRD','unknown','DEANNA.BYRD@sakilacustomer.org'),(262,3,'PATSY','DAVIDSON','female','PATSY.DAVIDSON@sakilacustomer.org'),(263,10,'HILDA','HOPKINS','female','HILDA.HOPKINS@sakilacustomer.org'),(264,6,'GWENDOLYN','MAY','unknown','GWENDOLYN.MAY@sakilacustomer.org'),(265,7,'JENNIE','TERRY','gay','JENNIE.TERRY@sakilacustomer.org'),(266,3,'NORA','HERRERA','lesbian','NORA.HERRERA@sakilacustomer.org'),(267,4,'MARGIE','WADE','gay','MARGIE.WADE@sakilacustomer.org'),(268,3,'NINA','SOTO','female','NINA.SOTO@sakilacustomer.org'),(269,8,'CASSANDRA','WALTERS','male','CASSANDRA.WALTERS@sakilacustomer.org'),(270,10,'LEAH','CURTIS','male','LEAH.CURTIS@sakilacustomer.org'),(271,2,'PENNY','NEAL','male','PENNY.NEAL@sakilacustomer.org'),(272,3,'KAY','CALDWELL','female','KAY.CALDWELL@sakilacustomer.org'),(273,6,'PRISCILLA','LOWE','female','PRISCILLA.LOWE@sakilacustomer.org'),(274,6,'NAOMI','JENNINGS','gay','NAOMI.JENNINGS@sakilacustomer.org'),(275,9,'CAROLE','BARNETT','lesbian','CAROLE.BARNETT@sakilacustomer.org'),(276,5,'BRANDY','GRAVES','male','BRANDY.GRAVES@sakilacustomer.org'),(277,8,'OLGA','JIMENEZ','lesbian','OLGA.JIMENEZ@sakilacustomer.org'),(278,1,'BILLIE','HORTON','unknown','BILLIE.HORTON@sakilacustomer.org'),(279,4,'DIANNE','SHELTON','gay','DIANNE.SHELTON@sakilacustomer.org'),(280,10,'TRACEY','BARRETT','unknown','TRACEY.BARRETT@sakilacustomer.org'),(281,8,'LEONA','OBRIEN','gay','LEONA.OBRIEN@sakilacustomer.org'),(282,6,'JENNY','CASTRO','female','JENNY.CASTRO@sakilacustomer.org'),(283,7,'FELICIA','SUTTON','male','FELICIA.SUTTON@sakilacustomer.org'),(284,5,'SONIA','GREGORY','gay','SONIA.GREGORY@sakilacustomer.org'),(285,10,'MIRIAM','MCKINNEY','lesbian','MIRIAM.MCKINNEY@sakilacustomer.org'),(286,7,'VELMA','LUCAS','female','VELMA.LUCAS@sakilacustomer.org'),(287,1,'BECKY','MILES','lesbian','BECKY.MILES@sakilacustomer.org'),(288,10,'BOBBIE','CRAIG','unknown','BOBBIE.CRAIG@sakilacustomer.org'),(289,2,'VIOLET','RODRIQUEZ','female','VIOLET.RODRIQUEZ@sakilacustomer.org'),(290,1,'KRISTINA','CHAMBERS','gay','KRISTINA.CHAMBERS@sakilacustomer.org'),(291,7,'TONI','HOLT','lesbian','TONI.HOLT@sakilacustomer.org'),(292,5,'MISTY','LAMBERT','lesbian','MISTY.LAMBERT@sakilacustomer.org'),(293,7,'MAE','FLETCHER','male','MAE.FLETCHER@sakilacustomer.org'),(294,1,'SHELLY','WATTS','lesbian','SHELLY.WATTS@sakilacustomer.org'),(295,6,'DAISY','BATES','female','DAISY.BATES@sakilacustomer.org'),(296,10,'RAMONA','HALE','male','RAMONA.HALE@sakilacustomer.org'),(297,4,'SHERRI','RHODES','female','SHERRI.RHODES@sakilacustomer.org'),(298,6,'ERIKA','PENA','male','ERIKA.PENA@sakilacustomer.org'),(299,5,'JAMES','GANNON','male','JAMES.GANNON@sakilacustomer.org'),(300,2,'JOHN','FARNSWORTH','unknown','JOHN.FARNSWORTH@sakilacustomer.org'),(301,9,'ROBERT','BAUGHMAN','male','ROBERT.BAUGHMAN@sakilacustomer.org'),(302,5,'MICHAEL','SILVERMAN','lesbian','MICHAEL.SILVERMAN@sakilacustomer.org'),(303,2,'WILLIAM','SATTERFIELD','male','WILLIAM.SATTERFIELD@sakilacustomer.org'),(304,3,'DAVID','ROYAL','lesbian','DAVID.ROYAL@sakilacustomer.org'),(305,10,'RICHARD','MCCRARY','male','RICHARD.MCCRARY@sakilacustomer.org'),(306,5,'CHARLES','KOWALSKI','lesbian','CHARLES.KOWALSKI@sakilacustomer.org'),(307,3,'JOSEPH','JOY','gay','JOSEPH.JOY@sakilacustomer.org'),(308,1,'THOMAS','GRIGSBY','female','THOMAS.GRIGSBY@sakilacustomer.org'),(309,7,'CHRISTOPHER','GRECO','unknown','CHRISTOPHER.GRECO@sakilacustomer.org'),(310,1,'DANIEL','CABRAL','lesbian','DANIEL.CABRAL@sakilacustomer.org'),(311,7,'PAUL','TROUT','male','PAUL.TROUT@sakilacustomer.org'),(312,9,'MARK','RINEHART','male','MARK.RINEHART@sakilacustomer.org'),(313,3,'DONALD','MAHON','female','DONALD.MAHON@sakilacustomer.org'),(314,4,'GEORGE','LINTON','male','GEORGE.LINTON@sakilacustomer.org'),(315,7,'KENNETH','GOODEN','gay','KENNETH.GOODEN@sakilacustomer.org'),(316,2,'STEVEN','CURLEY','female','STEVEN.CURLEY@sakilacustomer.org'),(317,4,'EDWARD','BAUGH','female','EDWARD.BAUGH@sakilacustomer.org'),(318,10,'BRIAN','WYMAN','unknown','BRIAN.WYMAN@sakilacustomer.org'),(319,2,'RONALD','WEINER','unknown','RONALD.WEINER@sakilacustomer.org'),(320,5,'ANTHONY','SCHWAB','lesbian','ANTHONY.SCHWAB@sakilacustomer.org'),(321,7,'KEVIN','SCHULER','male','KEVIN.SCHULER@sakilacustomer.org'),(322,6,'JASON','MORRISSEY','unknown','JASON.MORRISSEY@sakilacustomer.org'),(323,2,'MATTHEW','MAHAN','male','MATTHEW.MAHAN@sakilacustomer.org'),(324,1,'GARY','COY','gay','GARY.COY@sakilacustomer.org'),(325,8,'TIMOTHY','BUNN','lesbian','TIMOTHY.BUNN@sakilacustomer.org'),(326,9,'JOSE','ANDREW','lesbian','JOSE.ANDREW@sakilacustomer.org'),(327,5,'LARRY','THRASHER','male','LARRY.THRASHER@sakilacustomer.org'),(328,9,'JEFFREY','SPEAR','unknown','JEFFREY.SPEAR@sakilacustomer.org'),(329,6,'FRANK','WAGGONER','unknown','FRANK.WAGGONER@sakilacustomer.org'),(330,3,'SCOTT','SHELLEY','lesbian','SCOTT.SHELLEY@sakilacustomer.org'),(331,8,'ERIC','ROBERT','unknown','ERIC.ROBERT@sakilacustomer.org'),(332,10,'STEPHEN','QUALLS','gay','STEPHEN.QUALLS@sakilacustomer.org'),(333,3,'ANDREW','PURDY','female','ANDREW.PURDY@sakilacustomer.org'),(334,8,'RAYMOND','MCWHORTER','male','RAYMOND.MCWHORTER@sakilacustomer.org'),(335,7,'GREGORY','MAULDIN','female','GREGORY.MAULDIN@sakilacustomer.org'),(336,8,'JOSHUA','MARK','male','JOSHUA.MARK@sakilacustomer.org'),(337,4,'JERRY','JORDON','lesbian','JERRY.JORDON@sakilacustomer.org'),(338,1,'DENNIS','GILMAN','gay','DENNIS.GILMAN@sakilacustomer.org'),(339,9,'WALTER','PERRYMAN','male','WALTER.PERRYMAN@sakilacustomer.org'),(340,1,'PATRICK','NEWSOM','unknown','PATRICK.NEWSOM@sakilacustomer.org'),(341,8,'PETER','MENARD','gay','PETER.MENARD@sakilacustomer.org'),(342,7,'HAROLD','MARTINO','male','HAROLD.MARTINO@sakilacustomer.org'),(343,8,'DOUGLAS','GRAF','female','DOUGLAS.GRAF@sakilacustomer.org'),(344,3,'HENRY','BILLINGSLEY','unknown','HENRY.BILLINGSLEY@sakilacustomer.org'),(345,5,'CARL','ARTIS','lesbian','CARL.ARTIS@sakilacustomer.org'),(346,9,'ARTHUR','SIMPKINS','male','ARTHUR.SIMPKINS@sakilacustomer.org'),(347,7,'RYAN','SALISBURY','male','RYAN.SALISBURY@sakilacustomer.org'),(348,7,'ROGER','QUINTANILLA','male','ROGER.QUINTANILLA@sakilacustomer.org'),(349,6,'JOE','GILLILAND','female','JOE.GILLILAND@sakilacustomer.org'),(350,7,'JUAN','FRALEY','gay','JUAN.FRALEY@sakilacustomer.org'),(351,1,'JACK','FOUST','female','JACK.FOUST@sakilacustomer.org'),(352,3,'ALBERT','CROUSE','lesbian','ALBERT.CROUSE@sakilacustomer.org'),(353,8,'JONATHAN','SCARBOROUGH','unknown','JONATHAN.SCARBOROUGH@sakilacustomer.org'),(354,5,'JUSTIN','NGO','unknown','JUSTIN.NGO@sakilacustomer.org'),(355,7,'TERRY','GRISSOM','male','TERRY.GRISSOM@sakilacustomer.org'),(356,4,'GERALD','FULTZ','unknown','GERALD.FULTZ@sakilacustomer.org'),(357,9,'KEITH','RICO','gay','KEITH.RICO@sakilacustomer.org'),(358,6,'SAMUEL','MARLOW','unknown','SAMUEL.MARLOW@sakilacustomer.org'),(359,9,'WILLIE','MARKHAM','male','WILLIE.MARKHAM@sakilacustomer.org'),(360,1,'RALPH','MADRIGAL','unknown','RALPH.MADRIGAL@sakilacustomer.org'),(361,4,'LAWRENCE','LAWTON','gay','LAWRENCE.LAWTON@sakilacustomer.org'),(362,1,'NICHOLAS','BARFIELD','female','NICHOLAS.BARFIELD@sakilacustomer.org'),(363,2,'ROY','WHITING','unknown','ROY.WHITING@sakilacustomer.org'),(364,6,'BENJAMIN','VARNEY','male','BENJAMIN.VARNEY@sakilacustomer.org'),(365,1,'BRUCE','SCHWARZ','female','BRUCE.SCHWARZ@sakilacustomer.org'),(366,2,'BRANDON','HUEY','male','BRANDON.HUEY@sakilacustomer.org'),(367,4,'ADAM','GOOCH','gay','ADAM.GOOCH@sakilacustomer.org'),(368,8,'HARRY','ARCE','female','HARRY.ARCE@sakilacustomer.org'),(369,2,'FRED','WHEAT','female','FRED.WHEAT@sakilacustomer.org'),(370,7,'WAYNE','TRUONG','lesbian','WAYNE.TRUONG@sakilacustomer.org'),(371,1,'BILLY','POULIN','female','BILLY.POULIN@sakilacustomer.org'),(372,9,'STEVE','MACKENZIE','gay','STEVE.MACKENZIE@sakilacustomer.org'),(373,2,'LOUIS','LEONE','lesbian','LOUIS.LEONE@sakilacustomer.org'),(374,4,'JEREMY','HURTADO','lesbian','JEREMY.HURTADO@sakilacustomer.org'),(375,3,'AARON','SELBY','female','AARON.SELBY@sakilacustomer.org'),(376,8,'RANDY','GAITHER','male','RANDY.GAITHER@sakilacustomer.org'),(377,8,'HOWARD','FORTNER','male','HOWARD.FORTNER@sakilacustomer.org'),(378,9,'EUGENE','CULPEPPER','lesbian','EUGENE.CULPEPPER@sakilacustomer.org'),(379,3,'CARLOS','COUGHLIN','lesbian','CARLOS.COUGHLIN@sakilacustomer.org'),(380,5,'RUSSELL','BRINSON','female','RUSSELL.BRINSON@sakilacustomer.org'),(381,2,'BOBBY','BOUDREAU','gay','BOBBY.BOUDREAU@sakilacustomer.org'),(382,6,'VICTOR','BARKLEY','female','VICTOR.BARKLEY@sakilacustomer.org'),(383,7,'MARTIN','BALES','female','MARTIN.BALES@sakilacustomer.org'),(384,10,'ERNEST','STEPP','male','ERNEST.STEPP@sakilacustomer.org'),(385,9,'PHILLIP','HOLM','female','PHILLIP.HOLM@sakilacustomer.org'),(386,3,'TODD','TAN','male','TODD.TAN@sakilacustomer.org'),(387,1,'JESSE','SCHILLING','male','JESSE.SCHILLING@sakilacustomer.org'),(388,3,'CRAIG','MORRELL','male','CRAIG.MORRELL@sakilacustomer.org'),(389,10,'ALAN','KAHN','male','ALAN.KAHN@sakilacustomer.org'),(390,2,'SHAWN','HEATON','lesbian','SHAWN.HEATON@sakilacustomer.org'),(391,7,'CLARENCE','GAMEZ','lesbian','CLARENCE.GAMEZ@sakilacustomer.org'),(392,8,'SEAN','DOUGLASS','lesbian','SEAN.DOUGLASS@sakilacustomer.org'),(393,2,'PHILIP','CAUSEY','lesbian','PHILIP.CAUSEY@sakilacustomer.org'),(394,5,'CHRIS','BROTHERS','gay','CHRIS.BROTHERS@sakilacustomer.org'),(395,9,'JOHNNY','TURPIN','female','JOHNNY.TURPIN@sakilacustomer.org'),(396,6,'EARL','SHANKS','female','EARL.SHANKS@sakilacustomer.org'),(397,9,'JIMMY','SCHRADER','gay','JIMMY.SCHRADER@sakilacustomer.org'),(398,7,'ANTONIO','MEEK','gay','ANTONIO.MEEK@sakilacustomer.org'),(399,1,'DANNY','ISOM','unknown','DANNY.ISOM@sakilacustomer.org'),(400,2,'BRYAN','HARDISON','gay','BRYAN.HARDISON@sakilacustomer.org'),(401,6,'TONY','CARRANZA','male','TONY.CARRANZA@sakilacustomer.org'),(402,4,'LUIS','YANEZ','male','LUIS.YANEZ@sakilacustomer.org'),(403,5,'MIKE','WAY','female','MIKE.WAY@sakilacustomer.org'),(404,8,'STANLEY','SCROGGINS','female','STANLEY.SCROGGINS@sakilacustomer.org'),(405,4,'LEONARD','SCHOFIELD','lesbian','LEONARD.SCHOFIELD@sakilacustomer.org'),(406,8,'NATHAN','RUNYON','male','NATHAN.RUNYON@sakilacustomer.org'),(407,6,'DALE','RATCLIFF','lesbian','DALE.RATCLIFF@sakilacustomer.org'),(408,6,'MANUEL','MURRELL','unknown','MANUEL.MURRELL@sakilacustomer.org'),(409,6,'RODNEY','MOELLER','unknown','RODNEY.MOELLER@sakilacustomer.org'),(410,9,'CURTIS','IRBY','female','CURTIS.IRBY@sakilacustomer.org'),(411,2,'NORMAN','CURRIER','male','NORMAN.CURRIER@sakilacustomer.org'),(412,9,'ALLEN','BUTTERFIELD','gay','ALLEN.BUTTERFIELD@sakilacustomer.org'),(413,9,'MARVIN','YEE','female','MARVIN.YEE@sakilacustomer.org'),(414,5,'VINCENT','RALSTON','female','VINCENT.RALSTON@sakilacustomer.org'),(415,5,'GLENN','PULLEN','female','GLENN.PULLEN@sakilacustomer.org'),(416,10,'JEFFERY','PINSON','gay','JEFFERY.PINSON@sakilacustomer.org'),(417,10,'TRAVIS','ESTEP','female','TRAVIS.ESTEP@sakilacustomer.org'),(418,2,'JEFF','EAST','male','JEFF.EAST@sakilacustomer.org'),(419,9,'CHAD','CARBONE','male','CHAD.CARBONE@sakilacustomer.org'),(420,7,'JACOB','LANCE','female','JACOB.LANCE@sakilacustomer.org'),(421,6,'LEE','HAWKS','female','LEE.HAWKS@sakilacustomer.org'),(422,9,'MELVIN','ELLINGTON','lesbian','MELVIN.ELLINGTON@sakilacustomer.org'),(423,8,'ALFRED','CASILLAS','unknown','ALFRED.CASILLAS@sakilacustomer.org'),(424,6,'KYLE','SPURLOCK','gay','KYLE.SPURLOCK@sakilacustomer.org'),(425,10,'FRANCIS','SIKES','gay','FRANCIS.SIKES@sakilacustomer.org'),(426,1,'BRADLEY','MOTLEY','unknown','BRADLEY.MOTLEY@sakilacustomer.org'),(427,7,'JESUS','MCCARTNEY','gay','JESUS.MCCARTNEY@sakilacustomer.org'),(428,5,'HERBERT','KRUGER','female','HERBERT.KRUGER@sakilacustomer.org'),(429,2,'FREDERICK','ISBELL','male','FREDERICK.ISBELL@sakilacustomer.org'),(430,9,'RAY','HOULE','male','RAY.HOULE@sakilacustomer.org'),(431,9,'JOEL','FRANCISCO','unknown','JOEL.FRANCISCO@sakilacustomer.org'),(432,3,'EDWIN','BURK','unknown','EDWIN.BURK@sakilacustomer.org'),(433,9,'DON','BONE','male','DON.BONE@sakilacustomer.org'),(434,3,'EDDIE','TOMLIN','gay','EDDIE.TOMLIN@sakilacustomer.org'),(435,4,'RICKY','SHELBY','female','RICKY.SHELBY@sakilacustomer.org'),(436,4,'TROY','QUIGLEY','gay','TROY.QUIGLEY@sakilacustomer.org'),(437,3,'RANDALL','NEUMANN','gay','RANDALL.NEUMANN@sakilacustomer.org'),(438,9,'BARRY','LOVELACE','male','BARRY.LOVELACE@sakilacustomer.org'),(439,10,'ALEXANDER','FENNELL','unknown','ALEXANDER.FENNELL@sakilacustomer.org'),(440,3,'BERNARD','COLBY','male','BERNARD.COLBY@sakilacustomer.org'),(441,5,'MARIO','CHEATHAM','lesbian','MARIO.CHEATHAM@sakilacustomer.org'),(442,4,'LEROY','BUSTAMANTE','female','LEROY.BUSTAMANTE@sakilacustomer.org'),(443,5,'FRANCISCO','SKIDMORE','unknown','FRANCISCO.SKIDMORE@sakilacustomer.org'),(444,3,'MARCUS','HIDALGO','male','MARCUS.HIDALGO@sakilacustomer.org'),(445,6,'MICHEAL','FORMAN','unknown','MICHEAL.FORMAN@sakilacustomer.org'),(446,6,'THEODORE','CULP','gay','THEODORE.CULP@sakilacustomer.org'),(447,3,'CLIFFORD','BOWENS','unknown','CLIFFORD.BOWENS@sakilacustomer.org'),(448,6,'MIGUEL','BETANCOURT','gay','MIGUEL.BETANCOURT@sakilacustomer.org'),(449,9,'OSCAR','AQUINO','gay','OSCAR.AQUINO@sakilacustomer.org'),(450,10,'JAY','ROBB','lesbian','JAY.ROBB@sakilacustomer.org'),(451,6,'JIM','REA','lesbian','JIM.REA@sakilacustomer.org'),(452,8,'TOM','MILNER','male','TOM.MILNER@sakilacustomer.org'),(453,1,'CALVIN','MARTEL','gay','CALVIN.MARTEL@sakilacustomer.org'),(454,9,'ALEX','GRESHAM','lesbian','ALEX.GRESHAM@sakilacustomer.org'),(455,10,'JON','WILES','gay','JON.WILES@sakilacustomer.org'),(456,6,'RONNIE','RICKETTS','lesbian','RONNIE.RICKETTS@sakilacustomer.org'),(457,6,'BILL','GAVIN','unknown','BILL.GAVIN@sakilacustomer.org'),(458,3,'LLOYD','DOWD','unknown','LLOYD.DOWD@sakilacustomer.org'),(459,6,'TOMMY','COLLAZO','unknown','TOMMY.COLLAZO@sakilacustomer.org'),(460,6,'LEON','BOSTIC','gay','LEON.BOSTIC@sakilacustomer.org'),(461,3,'DEREK','BLAKELY','female','DEREK.BLAKELY@sakilacustomer.org'),(462,1,'WARREN','SHERROD','female','WARREN.SHERROD@sakilacustomer.org'),(463,7,'DARRELL','POWER','lesbian','DARRELL.POWER@sakilacustomer.org'),(464,7,'JEROME','KENYON','lesbian','JEROME.KENYON@sakilacustomer.org'),(465,2,'FLOYD','GANDY','female','FLOYD.GANDY@sakilacustomer.org'),(466,6,'LEO','EBERT','female','LEO.EBERT@sakilacustomer.org'),(467,7,'ALVIN','DELOACH','female','ALVIN.DELOACH@sakilacustomer.org'),(468,7,'TIM','CARY','female','TIM.CARY@sakilacustomer.org'),(469,4,'WESLEY','BULL','lesbian','WESLEY.BULL@sakilacustomer.org'),(470,9,'GORDON','ALLARD','female','GORDON.ALLARD@sakilacustomer.org'),(471,5,'DEAN','SAUER','female','DEAN.SAUER@sakilacustomer.org'),(472,4,'GREG','ROBINS','lesbian','GREG.ROBINS@sakilacustomer.org'),(473,5,'JORGE','OLIVARES','male','JORGE.OLIVARES@sakilacustomer.org'),(474,9,'DUSTIN','GILLETTE','male','DUSTIN.GILLETTE@sakilacustomer.org'),(475,10,'PEDRO','CHESTNUT','gay','PEDRO.CHESTNUT@sakilacustomer.org'),(476,10,'DERRICK','BOURQUE','female','DERRICK.BOURQUE@sakilacustomer.org'),(477,7,'DAN','PAINE','gay','DAN.PAINE@sakilacustomer.org'),(478,6,'LEWIS','LYMAN','unknown','LEWIS.LYMAN@sakilacustomer.org'),(479,4,'ZACHARY','HITE','male','ZACHARY.HITE@sakilacustomer.org'),(480,6,'COREY','HAUSER','female','COREY.HAUSER@sakilacustomer.org'),(481,1,'HERMAN','DEVORE','male','HERMAN.DEVORE@sakilacustomer.org'),(482,5,'MAURICE','CRAWLEY','female','MAURICE.CRAWLEY@sakilacustomer.org'),(483,4,'VERNON','CHAPA','male','VERNON.CHAPA@sakilacustomer.org'),(484,3,'ROBERTO','VU','female','ROBERTO.VU@sakilacustomer.org'),(485,10,'CLYDE','TOBIAS','female','CLYDE.TOBIAS@sakilacustomer.org'),(486,8,'GLEN','TALBERT','lesbian','GLEN.TALBERT@sakilacustomer.org'),(487,1,'HECTOR','POINDEXTER','gay','HECTOR.POINDEXTER@sakilacustomer.org'),(488,10,'SHANE','MILLARD','female','SHANE.MILLARD@sakilacustomer.org'),(489,4,'RICARDO','MEADOR','unknown','RICARDO.MEADOR@sakilacustomer.org'),(490,6,'SAM','MCDUFFIE','male','SAM.MCDUFFIE@sakilacustomer.org'),(491,7,'RICK','MATTOX','female','RICK.MATTOX@sakilacustomer.org'),(492,7,'LESTER','KRAUS','female','LESTER.KRAUS@sakilacustomer.org'),(493,6,'BRENT','HARKINS','lesbian','BRENT.HARKINS@sakilacustomer.org'),(494,7,'RAMON','CHOATE','unknown','RAMON.CHOATE@sakilacustomer.org'),(495,5,'CHARLIE','BESS','female','CHARLIE.BESS@sakilacustomer.org'),(496,4,'TYLER','WREN','lesbian','TYLER.WREN@sakilacustomer.org'),(497,3,'GILBERT','SLEDGE','male','GILBERT.SLEDGE@sakilacustomer.org'),(498,2,'GENE','SANBORN','unknown','GENE.SANBORN@sakilacustomer.org'),(499,10,'MARC','OUTLAW','lesbian','MARC.OUTLAW@sakilacustomer.org'),(500,2,'REGINALD','KINDER','gay','REGINALD.KINDER@sakilacustomer.org'),(501,5,'RUBEN','GEARY','male','RUBEN.GEARY@sakilacustomer.org'),(502,8,'BRETT','CORNWELL','lesbian','BRETT.CORNWELL@sakilacustomer.org'),(503,7,'ANGEL','BARCLAY','female','ANGEL.BARCLAY@sakilacustomer.org'),(504,3,'NATHANIEL','ADAM','unknown','NATHANIEL.ADAM@sakilacustomer.org'),(505,2,'RAFAEL','ABNEY','gay','RAFAEL.ABNEY@sakilacustomer.org'),(506,1,'LESLIE','SEWARD','unknown','LESLIE.SEWARD@sakilacustomer.org'),(507,4,'EDGAR','RHOADS','unknown','EDGAR.RHOADS@sakilacustomer.org'),(508,3,'MILTON','HOWLAND','lesbian','MILTON.HOWLAND@sakilacustomer.org'),(509,2,'RAUL','FORTIER','male','RAUL.FORTIER@sakilacustomer.org'),(510,1,'BEN','EASTER','unknown','BEN.EASTER@sakilacustomer.org'),(511,2,'CHESTER','BENNER','male','CHESTER.BENNER@sakilacustomer.org'),(512,8,'CECIL','VINES','lesbian','CECIL.VINES@sakilacustomer.org'),(513,2,'DUANE','TUBBS','female','DUANE.TUBBS@sakilacustomer.org'),(514,7,'FRANKLIN','TROUTMAN','female','FRANKLIN.TROUTMAN@sakilacustomer.org'),(515,1,'ANDRE','RAPP','male','ANDRE.RAPP@sakilacustomer.org'),(516,9,'ELMER','NOE','female','ELMER.NOE@sakilacustomer.org'),(517,1,'BRAD','MCCURDY','male','BRAD.MCCURDY@sakilacustomer.org'),(518,6,'GABRIEL','HARDER','unknown','GABRIEL.HARDER@sakilacustomer.org'),(519,10,'RON','DELUCA','unknown','RON.DELUCA@sakilacustomer.org'),(520,2,'MITCHELL','WESTMORELAND','female','MITCHELL.WESTMORELAND@sakilacustomer.org'),(521,9,'ROLAND','SOUTH','unknown','ROLAND.SOUTH@sakilacustomer.org'),(522,8,'ARNOLD','HAVENS','female','ARNOLD.HAVENS@sakilacustomer.org'),(523,5,'HARVEY','GUAJARDO','female','HARVEY.GUAJARDO@sakilacustomer.org'),(524,7,'JARED','ELY','female','JARED.ELY@sakilacustomer.org'),(525,6,'ADRIAN','CLARY','female','ADRIAN.CLARY@sakilacustomer.org'),(526,3,'KARL','SEAL','gay','KARL.SEAL@sakilacustomer.org'),(527,1,'CORY','MEEHAN','lesbian','CORY.MEEHAN@sakilacustomer.org'),(528,6,'CLAUDE','HERZOG','lesbian','CLAUDE.HERZOG@sakilacustomer.org'),(529,7,'ERIK','GUILLEN','female','ERIK.GUILLEN@sakilacustomer.org'),(530,10,'DARRYL','ASHCRAFT','gay','DARRYL.ASHCRAFT@sakilacustomer.org'),(531,10,'JAMIE','WAUGH','lesbian','JAMIE.WAUGH@sakilacustomer.org'),(532,10,'NEIL','RENNER','male','NEIL.RENNER@sakilacustomer.org'),(533,6,'JESSIE','MILAM','female','JESSIE.MILAM@sakilacustomer.org'),(534,8,'CHRISTIAN','JUNG','lesbian','CHRISTIAN.JUNG@sakilacustomer.org'),(535,1,'JAVIER','ELROD','male','JAVIER.ELROD@sakilacustomer.org'),(536,4,'FERNANDO','CHURCHILL','male','FERNANDO.CHURCHILL@sakilacustomer.org'),(537,10,'CLINTON','BUFORD','lesbian','CLINTON.BUFORD@sakilacustomer.org'),(538,9,'TED','BREAUX','gay','TED.BREAUX@sakilacustomer.org'),(539,5,'MATHEW','BOLIN','lesbian','MATHEW.BOLIN@sakilacustomer.org'),(540,6,'TYRONE','ASHER','female','TYRONE.ASHER@sakilacustomer.org'),(541,10,'DARREN','WINDHAM','male','DARREN.WINDHAM@sakilacustomer.org'),(542,6,'LONNIE','TIRADO','female','LONNIE.TIRADO@sakilacustomer.org'),(543,9,'LANCE','PEMBERTON','lesbian','LANCE.PEMBERTON@sakilacustomer.org'),(544,4,'CODY','NOLEN','gay','CODY.NOLEN@sakilacustomer.org'),(545,1,'JULIO','NOLAND','female','JULIO.NOLAND@sakilacustomer.org'),(546,1,'KELLY','KNOTT','unknown','KELLY.KNOTT@sakilacustomer.org'),(547,2,'KURT','EMMONS','gay','KURT.EMMONS@sakilacustomer.org'),(548,4,'ALLAN','CORNISH','lesbian','ALLAN.CORNISH@sakilacustomer.org'),(549,1,'NELSON','CHRISTENSON','female','NELSON.CHRISTENSON@sakilacustomer.org'),(550,8,'GUY','BROWNLEE','male','GUY.BROWNLEE@sakilacustomer.org'),(551,9,'CLAYTON','BARBEE','lesbian','CLAYTON.BARBEE@sakilacustomer.org'),(552,5,'HUGH','WALDROP','male','HUGH.WALDROP@sakilacustomer.org'),(553,5,'MAX','PITT','female','MAX.PITT@sakilacustomer.org'),(554,4,'DWAYNE','OLVERA','female','DWAYNE.OLVERA@sakilacustomer.org'),(555,1,'DWIGHT','LOMBARDI','lesbian','DWIGHT.LOMBARDI@sakilacustomer.org'),(556,7,'ARMANDO','GRUBER','lesbian','ARMANDO.GRUBER@sakilacustomer.org'),(557,1,'FELIX','GAFFNEY','female','FELIX.GAFFNEY@sakilacustomer.org'),(558,1,'JIMMIE','EGGLESTON','female','JIMMIE.EGGLESTON@sakilacustomer.org'),(559,3,'EVERETT','BANDA','gay','EVERETT.BANDA@sakilacustomer.org'),(560,7,'JORDAN','ARCHULETA','male','JORDAN.ARCHULETA@sakilacustomer.org'),(561,8,'IAN','STILL','lesbian','IAN.STILL@sakilacustomer.org'),(562,5,'WALLACE','SLONE','lesbian','WALLACE.SLONE@sakilacustomer.org'),(563,10,'KEN','PREWITT','male','KEN.PREWITT@sakilacustomer.org'),(564,6,'BOB','PFEIFFER','lesbian','BOB.PFEIFFER@sakilacustomer.org'),(565,6,'JAIME','NETTLES','female','JAIME.NETTLES@sakilacustomer.org'),(566,4,'CASEY','MENA','unknown','CASEY.MENA@sakilacustomer.org'),(567,2,'ALFREDO','MCADAMS','lesbian','ALFREDO.MCADAMS@sakilacustomer.org'),(568,6,'ALBERTO','HENNING','male','ALBERTO.HENNING@sakilacustomer.org'),(569,1,'DAVE','GARDINER','gay','DAVE.GARDINER@sakilacustomer.org'),(570,1,'IVAN','CROMWELL','female','IVAN.CROMWELL@sakilacustomer.org'),(571,3,'JOHNNIE','CHISHOLM','lesbian','JOHNNIE.CHISHOLM@sakilacustomer.org'),(572,2,'SIDNEY','BURLESON','lesbian','SIDNEY.BURLESON@sakilacustomer.org'),(573,2,'BYRON','BOX','female','BYRON.BOX@sakilacustomer.org'),(574,4,'JULIAN','VEST','unknown','JULIAN.VEST@sakilacustomer.org'),(575,2,'ISAAC','OGLESBY','male','ISAAC.OGLESBY@sakilacustomer.org'),(576,10,'MORRIS','MCCARTER','lesbian','MORRIS.MCCARTER@sakilacustomer.org'),(577,10,'CLIFTON','MALCOLM','unknown','CLIFTON.MALCOLM@sakilacustomer.org'),(578,5,'WILLARD','LUMPKIN','lesbian','WILLARD.LUMPKIN@sakilacustomer.org'),(579,8,'DARYL','LARUE','unknown','DARYL.LARUE@sakilacustomer.org'),(580,3,'ROSS','GREY','female','ROSS.GREY@sakilacustomer.org'),(581,3,'VIRGIL','WOFFORD','male','VIRGIL.WOFFORD@sakilacustomer.org'),(582,8,'ANDY','VANHORN','male','ANDY.VANHORN@sakilacustomer.org'),(583,4,'MARSHALL','THORN','unknown','MARSHALL.THORN@sakilacustomer.org'),(584,3,'SALVADOR','TEEL','gay','SALVADOR.TEEL@sakilacustomer.org'),(585,1,'PERRY','SWAFFORD','lesbian','PERRY.SWAFFORD@sakilacustomer.org'),(586,7,'KIRK','STCLAIR','female','KIRK.STCLAIR@sakilacustomer.org'),(587,1,'SERGIO','STANFIELD','unknown','SERGIO.STANFIELD@sakilacustomer.org'),(588,9,'MARION','OCAMPO','gay','MARION.OCAMPO@sakilacustomer.org'),(589,8,'TRACY','HERRMANN','male','TRACY.HERRMANN@sakilacustomer.org'),(590,1,'SETH','HANNON','male','SETH.HANNON@sakilacustomer.org'),(591,4,'KENT','ARSENAULT','gay','KENT.ARSENAULT@sakilacustomer.org'),(592,8,'TERRANCE','ROUSH','male','TERRANCE.ROUSH@sakilacustomer.org'),(593,7,'RENE','MCALISTER','lesbian','RENE.MCALISTER@sakilacustomer.org'),(594,2,'EDUARDO','HIATT','gay','EDUARDO.HIATT@sakilacustomer.org'),(595,6,'TERRENCE','GUNDERSON','male','TERRENCE.GUNDERSON@sakilacustomer.org'),(596,8,'ENRIQUE','FORSYTHE','female','ENRIQUE.FORSYTHE@sakilacustomer.org'),(597,1,'FREDDIE','DUGGAN','female','FREDDIE.DUGGAN@sakilacustomer.org'),(598,8,'WADE','DELVALLE','female','WADE.DELVALLE@sakilacustomer.org'),(599,2,'AUSTIN','CINTRON','unknown','AUSTIN.CINTRON@sakilacustomer.org');

